hotel_name,hotel_stars_count,location,rating,room_type1,occupancy1,summer_price1,room_type2,occupancy2,summer_price2,room_type3,occupancy3,summer_price3,amenities_list
Семеен хотел Къщата с кивито,,Созопол,,стандартна стая,2,70 лв,стандартна стая,4,90 лв,лукс стая,2,75 лв,"['барбекю', 'камина', 'телевизор', 'кабелна тв', 'климатик', 'хладилник', 'мини-бар', 'интернет', 'баня/тоалетна', 'тераса', 'изглед', 'ютия', 'гладене', 'електрическа кана']"
Хотел Антеа Сердика,,Созопол,9.6,апартамент,2,170 лв,апартамент,2,200 лв,лукс апартамент,2,200 лв,"['ресторант', 'телевизор', 'кабелна тв', 'сателитна тв', 'климатик', 'хладилник', 'интернет', 'баня/тоалетна', 'тераса', 'изглед', 'ютия', 'сешоар', 'кухненски бокс', 'електрическа кана', 'асансьор']"
Хотел Сънрайз,3.0,Созопол,8.9,апартамент,3,176 лв,апартамент,4,195 лв,апартамент,5,285 лв,"['открит басейн', 'паркинг', 'рент-а-кар', 'детски басейн', 'телевизор', 'сателитна тв', 'климатик', 'отопление', 'хладилник', 'интернет', 'баня/тоалетна', 'микровълнова', 'пералня', 'тераса', 'изглед', 'ютия', 'кухненски бокс', 'плащане с карта', 'лятна градина']"
Комплекс Лазур,3.0,Созопол,,стандартна стая,2,100 лв,стандартна стая,3,100 лв,стандартна стая,4,120 лв,"['открит басейн', 'паркинг', 'детски басейн', 'барбекю', 'телевизор', 'кабелна тв', 'климатик', 'хладилник', 'интернет', 'баня/тоалетна', 'микровълнова', 'тераса', 'изглед', 'ютия', 'кухненски бокс', 'бизнес услуги', 'дом. любимци', 'бар-басейн', 'електрическа кана', 'готварска печка']"
Семеен хотел Бриз,3.0,Созопол,9.1,стандартна стая,2,135 лв,стандартна стая,3,156 лв,студио,3,166 лв,"['паркинг', 'ресторант', 'сейф', 'детски кът', 'лоби бар', 'кафене', 'телевизор', 'кабелна тв', 'сателитна тв', 'климатик', 'хладилник', 'мини-бар', 'телефон', 'баня/тоалетна', 'тераса', 'изглед', 'ютия', 'сешоар', 'пране', 'гладене', 'плащане с карта']"
Хотел Ефект Свети Мина,2.0,Созопол,9.0,,,,,,,,,,"['тенис на маса', 'телевизор', 'кабелна тв', 'сателитна тв', 'климатик', 'хладилник', 'интернет', 'баня/тоалетна', 'изглед', 'ютия', 'сешоар', 'плащане с карта', 'лятна градина']"
Хотел Роял Калисто,3.0,Созопол,9.1,лукс стая,2,220 лв,апартамент,4,330 лв,лукс апартамент,6,460 лв,"['открит басейн', 'паркинг', 'ресторант', 'сейф', 'детски кът', 'детски басейн', 'лоби бар', 'телевизор', 'кабелна тв', 'климатик', 'хладилник', 'телефон', 'интернет', 'баня/тоалетна', 'микровълнова', 'тераса', 'изглед', 'вана', 'ютия', 'сешоар', 'пране', 'гладене', 'плащане с карта', 'дом. любимци', 'кафе машина', 'лятна градина', 'електрическа кана']"
Хотел Каса де Оро,,Созопол,9.5,апартамент,3,400 лв,апартамент,4,600 лв,,,,"['паркинг', 'кафене', 'телевизор', 'кухня', 'сателитна тв', 'климатик', 'отопление', 'хладилник', 'интернет', 'баня/тоалетна', 'микровълнова', 'тераса', 'изглед', 'ютия', 'сешоар', 'кухненски бокс', 'плащане с карта', 'кафе машина', 'лятна градина', 'електрическа кана']"
Хотел Антеа,4.0,Созопол,9.5,стандартна стая,2,315 лв,студио,3,415 лв,апартамент,4,515 лв,"['ресторант', 'фитнес', 'рент-а-кар', 'сауна', 'сейф', 'рум сервиз', 'детски кът', 'детски басейн', 'лоби бар', 'телевизор', 'кабелна тв', 'сателитна тв', 'климатик', 'хладилник', 'мини-бар', 'телефон', 'интернет', 'баня/тоалетна', 'тераса', 'изглед', 'закрит басейн', 'вана', 'ютия', 'сешоар', 'пране', 'гладене', 'плащане с карта', 'хим. чистене', 'дом. любимци', 'кафе машина', 'достъп за инвалиди', 'SPA център', 'електрическа кана']"
Семеен хотел Емилия,3.0,Созопол,9.7,стандартна стая,1,80 лв,стандартна стая,1,80 лв,студио,3,95 лв,"['паркинг', 'телевизор', 'кабелна тв', 'климатик', 'отопление', 'хладилник', 'мини-бар', 'интернет', 'баня/тоалетна', 'тераса', 'изглед', 'ютия', 'сешоар', 'кухненски бокс', 'гладене', 'кафе машина', 'лятна градина']"
Студио Морски вълни,,Созопол,,студио,3,140 лв,лукс апартамент,6,350 лв,,,,"['открит басейн', 'охрана', 'детски басейн', 'телевизор', 'кабелна тв', 'климатик', 'хладилник', 'интернет', 'баня/тоалетна', 'микровълнова', 'тераса', 'изглед', 'вана', 'сешоар', 'гараж', 'достъп за инвалиди', 'електрическа кана', 'асансьор']"
Хотел Табанов Бийч,3.0,Созопол,8.4,стандартна стая,2,180 лв,студио,3,250 лв,апартамент,4,290 лв,"['открит басейн', 'рент-а-кар', 'сейф', 'джакузи', 'детски кът', 'детски басейн', 'лоби бар', 'телевизор', 'кабелна тв', 'климатик', 'хладилник', 'телефон', 'интернет', 'баня/тоалетна', 'тераса', 'ютия', 'сешоар', 'пране', 'плащане с карта', 'достъп за инвалиди']"
Хотел Каса дел Сол,3.0,Созопол,9.5,стандартна стая,2,139 лв,стандартна стая,3,198 лв,студио,2,198 лв,"['паркинг', 'сейф', 'телевизор', 'кабелна тв', 'климатик', 'отопление', 'хладилник', 'интернет', 'баня/тоалетна', 'тераса', 'изглед', 'ютия', 'сешоар', 'пране', 'бизнес услуги', 'лятна градина', 'електрическа кана']"
Вила Quiet Bay,,Созопол,8.6,,,,,,,,,,"['открит басейн', 'паркинг', 'детски басейн', 'барбекю', 'телевизор', 'кухня', 'кабелна тв', 'климатик', 'отопление', 'хладилник', 'интернет', 'баня/тоалетна', 'микровълнова', 'изглед', 'кухненски бокс', 'електрическа кана', 'готварска печка']"
Комплекс Аполон 1 и 2,3.0,Созопол,9.2,студио,2,160 лв,апартамент,3,200 лв,апартамент,4,240 лв,"['открит басейн', 'паркинг', 'рент-а-кар', 'охрана', 'детски кът', 'детски басейн', 'тенис на маса', 'телевизор', 'кабелна тв', 'климатик', 'хладилник', 'интернет', 'баня/тоалетна', 'микровълнова', 'тераса', 'изглед', 'ютия', 'сешоар', 'кухненски бокс', 'пране', 'гладене', 'плащане с карта', 'хим. чистене', 'дом. любимци', 'лятна градина', 'достъп за инвалиди', 'електрическа кана']"
Хотел Мирамар,4.0,Созопол,8.6,стандартна стая,1,285 лв,стандартна стая,2,285 лв,студио,3,370 лв,"['открит басейн', 'ресторант', 'сейф', 'лоби бар', 'телевизор', 'кабелна тв', 'сателитна тв', 'климатик', 'мини-бар', 'телефон', 'интернет', 'баня/тоалетна', 'тераса', 'изглед', 'кухненски бокс', 'бар-басейн', 'достъп за инвалиди']"
Апартаменти под наем Панорама,3.0,Созопол,9.5,апартамент,4,247 лв,лукс апартамент,5,306 лв,,,,"['открит басейн', 'охрана', 'детски кът', 'детски басейн', 'телевизор', 'кабелна тв', 'климатик', 'хладилник', 'интернет', 'баня/тоалетна', 'микровълнова', 'пералня', 'тераса', 'изглед', 'ютия', 'сешоар', 'кухненски бокс', 'плащане с карта', 'кафе машина', 'лятна градина', 'бар-басейн', 'достъп за инвалиди', 'електрическа кана']"
Ваканционно селище Санта Марина,3.0,Созопол,8.3,студио,3,172 лв,апартамент,4,248 лв,лукс апартамент,6,321 лв,"['открит басейн', 'паркинг', 'ресторант', 'нощен бар', 'фитнес', 'билярд', 'тенис корт', 'рент-а-кар', 'аниматори', 'охрана', 'сауна', 'джакузи', 'детски кът', 'детски басейн', 'конферентна зала', 'солариум', 'студио за масаж', 'парна баня', 'интернет клуб', 'кафене', 'телевизор', 'кабелна тв', 'сателитна тв', 'климатик', 'хладилник', 'телефон', 'интернет', 'баня/тоалетна', 'изглед', 'вана', 'ютия', 'обменно бюро', 'кухненски бокс', 'пране', 'гладене', 'плащане с карта', 'фризьорски салон', 'хим. чистене', 'волейбол', 'футбол', 'лятна градина', 'лекарски кабинет', 'бар-басейн', 'електрическа кана']"
Хотел Флагман,3.0,Созопол,7.6,стандартна стая,2,244 лв,студио,2,250 лв,апартамент,2,258 лв,"['открит басейн', 'ресторант', 'рент-а-кар', 'сейф', 'рум сервиз', 'детски басейн', 'конферентна зала', 'лоби бар', 'телевизор', 'сателитна тв', 'климатик', 'хладилник', 'мини-бар', 'телефон', 'интернет', 'баня/тоалетна', 'тераса', 'изглед', 'ютия', 'сешоар', 'обменно бюро', 'плащане с карта', 'дом. любимци']"
Апартамент Б18 Созополи Хилс,3.0,Созопол,9.4,апартамент,6,290 лв,,,,,,,"['открит басейн', 'паркинг', 'фитнес', 'охрана', 'детски басейн', 'барбекю', 'телевизор', 'кухня', 'кабелна тв', 'сателитна тв', 'климатик', 'отопление', 'хладилник', 'интернет', 'баня/тоалетна', 'микровълнова', 'пералня', 'тераса', 'изглед', 'вана', 'ютия', 'сешоар', 'кафе машина', 'лятна градина', 'съдомиялна', 'електрическа кана', 'готварска печка']"
Къща Арес,3.0,Созопол,8.1,стандартна стая,2,80 лв,стандартна стая,3,120 лв,студио,4,160 лв,"['телевизор', 'кабелна тв', 'сателитна тв', 'хазяи', 'климатик', 'хладилник', 'мини-бар', 'интернет', 'баня/тоалетна', 'микровълнова', 'тераса', 'ютия', 'кухненски бокс', 'електрическа кана']"
Семеен хотел Елинор,3.0,Созопол,,стандартна стая,2,60 лв,стандартна стая,3,70 лв,студио,4,60 лв,"['паркинг', 'ресторант', 'кафене', 'телевизор', 'кабелна тв', 'климатик', 'отопление', 'хладилник', 'интернет', 'баня/тоалетна', 'тераса', 'изглед', 'ютия', 'сешоар']"
Семеен хотел Фемили,2.0,Созопол,,стандартна стая,2,60 лв,студио,3,70 лв,апартамент,4,80 лв,"['паркинг', 'телевизор', 'кабелна тв', 'климатик', 'хладилник', 'мини-бар', 'телефон', 'интернет', 'баня/тоалетна', 'тераса', 'изглед', 'кухненски бокс', 'пране', 'гладене', 'кафе машина']"
Дом Делииванов,,Созопол,,стандартна стая,2,30 лв,лукс стая,2,45 лв,студио,3,54 лв,"['кухня', 'кабелна тв', 'климатик', 'хладилник', 'телефон', 'интернет', 'баня/тоалетна', 'тераса', 'изглед', 'кухненски бокс', 'SPA център']"
Семеен хотел Сий Сенс,3.0,Созопол,9.7,стандартна стая,2,359 лв,стандартна стая,2,416 лв,лукс стая,2,458 лв,"['открит басейн', 'паркинг', 'сейф', 'студио за масаж', 'телевизор', 'кабелна тв', 'климатик', 'отопление', 'мини-бар', 'интернет', 'баня/тоалетна', 'тераса', 'изглед', 'ютия', 'сешоар', 'плащане с карта']"
Семейна къща Лулеви,2.0,Созопол,,стандартна стая,1,40 лв,стандартна стая,2,80 лв,стандартна стая,2,60 лв,"['телевизор', 'кабелна тв', 'хазяи', 'климатик', 'хладилник', 'интернет', 'баня/тоалетна', 'тераса', 'ютия']"
Апартамент А19 в Созополи хилс,3.0,Созопол,9.9,студио,3,150 лв,апартамент,4,195 лв,апартамент,6,300 лв,"['открит басейн', 'паркинг', 'фитнес', 'детски кът', 'детски басейн', 'барбекю', 'телевизор', 'кухня', 'кабелна тв', 'сателитна тв', 'климатик', 'отопление', 'хладилник', 'интернет', 'баня/тоалетна', 'микровълнова', 'пералня', 'тераса', 'изглед', 'радио', 'ютия', 'сешоар', 'кухненски бокс', 'кафе машина', 'лятна градина', 'съдомиялна', 'електрическа кана', 'готварска печка']"
Хотел Долфин Бей Созопол,,Созопол,9.7,студио,2,290 лв,лукс апартамент,4,380 лв,,,,"['открит басейн', 'паркинг', 'рум сервиз', 'детски басейн', 'барбекю', 'кафене', 'телевизор', 'кухня', 'кабелна тв', 'климатик', 'отопление', 'хладилник', 'интернет', 'баня/тоалетна', 'микровълнова', 'тераса', 'изглед', 'ютия', 'сешоар', 'пране', 'плащане с карта', 'бар-басейн', 'електрическа кана', 'готварска печка']"
Семеен хотел Ели,3.0,Созопол,,стандартна стая,2,50 лв,апартамент,4,90 лв,,,,"['телевизор', 'кабелна тв', 'климатик', 'хладилник', 'интернет', 'баня/тоалетна', 'тераса', 'изглед', 'ютия']"
Хотел Боруна,3.0,Созопол,,стандартна стая,2,100 лв,стандартна стая,3,150 лв,студио,4,140 лв,"['паркинг', 'ресторант', 'телевизор', 'кабелна тв', 'климатик', 'отопление', 'хладилник', 'баня/тоалетна', 'тераса', 'изглед', 'лятна градина', 'механа', 'електрическа кана']"
Хотел Дриймс,3.0,Созопол,,апартамент,4,100 лв,,,,,,,"['паркинг', 'ресторант', 'охрана', 'сейф', 'детски кът', 'тенис на маса', 'лоби бар', 'кафене', 'телевизор', 'кухня', 'кабелна тв', 'сателитна тв', 'климатик', 'хладилник', 'телефон', 'интернет', 'баня/тоалетна', 'микровълнова', 'пералня', 'тераса', 'изглед', 'вана', 'ютия', 'сешоар']"
Дом Атанасови,3.0,Созопол,,стандартна стая,2,90 лв,стандартна стая,3,120 лв,,,,"['телевизор', 'кабелна тв', 'сателитна тв', 'климатик', 'хладилник', 'мини-бар', 'телефон', 'интернет', 'баня/тоалетна', 'тераса', 'изглед', 'радио', 'ютия', 'пране']"
Стаи за гости Мелиа Мар,1.0,Созопол,9.5,стандартна стая,2,180 лв,апартамент,4,210 лв,,,,"['открит басейн', 'паркинг', 'детски кът', 'детски басейн', 'телевизор', 'кабелна тв', 'климатик', 'интернет', 'баня/тоалетна', 'изглед', 'сешоар']"
Семеен хотел Орион,3.0,Созопол,8.1,стандартна стая,2,100 лв,лукс стая,2,120 лв,апартамент,2,110 лв,"['ресторант', 'сейф', 'рум сервиз', 'детски кът', 'кафене', 'телевизор', 'кабелна тв', 'климатик', 'хладилник', 'телефон', 'интернет', 'баня/тоалетна', 'тераса', 'изглед', 'ютия', 'сешоар', 'пране', 'гладене', 'електрическа кана']"
Хотел Серена Резиденс,3.0,Созопол,7.2,студио,2,218 лв,апартамент,2,232 лв,,,,"['открит басейн', 'паркинг', 'ресторант', 'фитнес', 'рент-а-кар', 'аниматори', 'охрана', 'сейф', 'детски кът', 'детски басейн', 'барбекю', 'колела под наем', 'конферентна зала', 'тенис на маса', 'телевизор', 'кабелна тв', 'сателитна тв', 'климатик', 'хладилник', 'телефон', 'интернет', 'баня/тоалетна', 'тераса', 'изглед', 'вана', 'ютия', 'сешоар', 'кухненски бокс', 'гладене', 'плащане с карта', 'бизнес услуги', 'хим. чистене', 'волейбол', 'футбол', 'бар-басейн', 'електрическа кана']"
Хотел Лагуна Бийч,4.0,Созопол,7.5,стандартна стая,2,380 лв,стандартна стая,3,532 лв,лукс стая,2,400 лв,"['открит басейн', 'паркинг', 'ресторант', 'фитнес', 'билярд', 'рент-а-кар', 'аниматори', 'охрана', 'сауна', 'сейф', 'джакузи', 'рум сервиз', 'детски кът', 'детски басейн', 'колела под наем', 'конферентна зала', 'козметик', 'тенис на маса', 'лоби бар', 'студио за масаж', 'парна баня', 'кафене', 'телевизор', 'кабелна тв', 'сателитна тв', 'климатик', 'отопление', 'хладилник', 'телефон', 'интернет', 'баня/тоалетна', 'микровълнова', 'пералня', 'тераса', 'изглед', 'закрит басейн', 'фризьор', 'вана', 'ютия', 'сешоар', 'кухненски бокс', 'пране', 'гладене', 'плащане с карта', 'фризьорски салон', 'бизнес услуги', 'лятна градина', 'бар-басейн', 'достъп за инвалиди', 'SPA център']"
Семеен хотел Коминеви,2.0,Созопол,,стандартна стая,2,60 лв,стандартна стая,2,60 лв,студио,3,85 лв,"['телевизор', 'кабелна тв', 'климатик', 'хладилник', 'интернет', 'баня/тоалетна', 'пералня', 'тераса', 'ютия', 'електрическа кана']"
Семеен хотел Лилия,3.0,Созопол,8.5,стандартна стая,2,85 лв,апартамент,2,105 лв,,,,"['паркинг', 'телевизор', 'кабелна тв', 'сателитна тв', 'климатик', 'хладилник', 'интернет', 'баня/тоалетна', 'микровълнова', 'тераса', 'изглед', 'ютия', 'кухненски бокс', 'дом. любимци', 'електрическа кана']"
Сеемен хотел Музите,3.0,Созопол,8.8,стандартна стая,2,128 лв,студио,2,136 лв,апартамент,4,190 лв,"['открит басейн', 'паркинг', 'ресторант', 'сейф', 'детски кът', 'детски басейн', 'телевизор', 'кабелна тв', 'сателитна тв', 'климатик', 'хладилник', 'мини-бар', 'телефон', 'интернет', 'баня/тоалетна', 'тераса', 'изглед', 'ютия', 'сешоар', 'пране', 'плащане с карта', 'лятна градина', 'бар-басейн', 'SPA център']"
Къща за гости Феникс,,Созопол,10.0,къща,14,не се дава,студио,4,165 лв,студио,4,120 лв,"['барбекю', 'камина', 'телевизор', 'кухня', 'кабелна тв', 'сателитна тв', 'климатик', 'отопление', 'хладилник', 'интернет', 'баня/тоалетна', 'микровълнова', 'пералня', 'тераса', 'изглед', 'ютия', 'сешоар', 'кухненски бокс', 'кафе машина', 'механа', 'съдомиялна', 'електрическа кана', 'готварска печка', 'сушилня']"
Семеен хотел Петрови,2.0,Созопол,8.3,стандартна стая,2,80 лв,стандартна стая,3,90 лв,апартамент,4,110 лв,"['телевизор', 'кухня', 'кабелна тв', 'климатик', 'отопление', 'хладилник', 'интернет', 'баня/тоалетна', 'изглед', 'кухненски бокс']"
Къща ГуудРест Созопол,3.0,Созопол,,къща,7,300 лв,,,,,,,"['сауна', 'камина', 'телевизор', 'кухня', 'климатик', 'отопление', 'хладилник', 'интернет', 'баня/тоалетна', 'микровълнова', 'пералня', 'тераса', 'изглед', 'DVD', 'ютия', 'съдомиялна', 'електрическа кана', 'готварска печка']"
Къща Елена,3.0,Созопол,,стандартна стая,2,75 лв,стандартна стая,2,80 лв,стандартна стая,3,90 лв,"['паркинг', 'телевизор', 'кабелна тв', 'климатик', 'хладилник', 'баня/тоалетна', 'тераса', 'ютия', 'лятна градина', 'електрическа кана']"
Хотел Силвър,3.0,Созопол,9.0,стандартна стая,2,130 лв,апартамент,5,230 лв,лукс апартамент,5,250 лв,"['открит басейн', 'паркинг', 'детски басейн', 'телевизор', 'кухня', 'кабелна тв', 'климатик', 'отопление', 'хладилник', 'интернет', 'баня/тоалетна', 'микровълнова', 'тераса', 'изглед', 'ютия', 'сешоар', 'кухненски бокс', 'кафе машина', 'електрическа кана', 'готварска печка']"
Семеен хотел Дом Сотирови,2.0,Созопол,,стандартна стая,2,40 лв,апартамент,4,80 лв,,,,"['сейф', 'телевизор', 'кабелна тв', 'хладилник', 'мини-бар', 'интернет', 'баня/тоалетна', 'тераса', 'изглед', 'ютия', 'SPA център']"
Апартаменти Калоян,3.0,Созопол,8.9,студио,4,135 лв,студио,4,100 лв,апартамент,4,160 лв,"['паркинг', 'ресторант', 'сейф', 'телевизор', 'кабелна тв', 'климатик', 'хладилник', 'интернет', 'баня/тоалетна', 'микровълнова', 'пералня', 'тераса', 'изглед', 'ютия', 'сешоар', 'кухненски бокс', 'пране', 'лятна градина', 'механа', 'електрическа кана', 'готварска печка']"
Хотел Калитея,3.0,Созопол,9.1,стандартна стая,2,153 лв,лукс стая,2,165 лв,студио,3,208 лв,"['ресторант', 'сейф', 'детски кът', 'колела под наем', 'телевизор', 'кабелна тв', 'климатик', 'хладилник', 'телефон', 'интернет', 'баня/тоалетна', 'тераса', 'изглед', 'ютия', 'сешоар', 'пране']"
Семеен хотел Орка,2.0,Созопол,,стандартна стая,2,90 лв,стандартна стая,3,130 лв,апартамент,4,160 лв,"['телевизор', 'кабелна тв', 'климатик', 'отопление', 'хладилник', 'интернет', 'баня/тоалетна', 'тераса', 'изглед', 'ютия', 'кухненски бокс', 'електрическа кана']"
Къща Ани,2.0,Созопол,9.1,стандартна стая,2,120 лв,стандартна стая,2,100 лв,стандартна стая,2,85 лв,"['телевизор', 'кабелна тв', 'климатик', 'мини-бар', 'интернет', 'баня/тоалетна', 'тераса', 'изглед', 'ютия', 'сешоар', 'електрическа кана']"
Хотел Аквамарин,3.0,Созопол,8.9,стандартна стая,2,138 лв,стандартна стая,3,194 лв,,,,"['фитнес', 'сейф', 'студио за масаж', 'телевизор', 'кабелна тв', 'климатик', 'отопление', 'мини-бар', 'интернет', 'баня/тоалетна', 'пералня', 'ютия', 'сешоар', 'пране', 'плащане с карта']"
Семеен хотел Венис,,Созопол,8.3,стандартна стая,2,72 лв,стандартна стая,3,85 лв,студио,4,120 лв,"['рент-а-кар', 'барбекю', 'телевизор', 'кабелна тв', 'климатик', 'хладилник', 'интернет', 'баня/тоалетна', 'тераса', 'изглед', 'ютия', 'сешоар', 'кафе машина', 'лятна градина', 'електрическа кана']"
Семеен хотел Плавас,3.0,Созопол,9.1,стандартна стая,2,80 лв,апартамент,3,210 лв,,,,"['паркинг', 'екскурзовод', 'рум сервиз', 'детски кът', 'барбекю', 'колела под наем', 'кафене', 'камина', 'телевизор', 'кухня', 'кабелна тв', 'сателитна тв', 'климатик', 'хладилник', 'мини-бар', 'интернет', 'баня/тоалетна', 'пералня', 'тераса', 'изглед', 'вана', 'радио', 'ютия', 'сешоар', 'кухненски бокс', 'пране', 'гладене', 'дом. любимци', 'кафе машина', 'лятна градина']"
Хотел Алфа Вита,3.0,Созопол,8.6,стандартна стая,2,108 лв,лукс стая,2,118 лв,студио,3,138 лв,"['паркинг', 'ресторант', 'екскурзовод', 'рент-а-кар', 'охрана', 'сейф', 'рум сервиз', 'тенис на маса', 'кафене', 'телевизор', 'кабелна тв', 'сателитна тв', 'климатик', 'хладилник', 'мини-бар', 'телефон', 'интернет', 'баня/тоалетна', 'пералня', 'тераса', 'изглед', 'вана', 'ютия', 'сешоар', 'обменно бюро', 'пране', 'гладене', 'плащане с карта', 'лятна градина', 'достъп за инвалиди']"
Апартхотел Мартинез,4.0,Созопол,8.8,студио,2,172 лв,апартамент,4,242 лв,,,,"['открит басейн', 'паркинг', 'ресторант', 'нощен бар', 'фитнес', 'билярд', 'рент-а-кар', 'аниматори', 'охрана', 'сауна', 'сейф', 'рум сервиз', 'детски кът', 'детски басейн', 'конферентна зала', 'козметик', 'тенис на маса', 'лоби бар', 'студио за масаж', 'кафене', 'телевизор', 'кабелна тв', 'сателитна тв', 'климатик', 'отопление', 'хладилник', 'телефон', 'интернет', 'баня/тоалетна', 'микровълнова', 'пералня', 'тераса', 'изглед', 'закрит басейн', 'вана', 'ютия', 'сешоар', 'обменно бюро', 'кухненски бокс', 'пране', 'гладене', 'плащане с карта', 'бизнес услуги', 'мини голф', 'хим. чистене', 'лятна градина', 'лекарски кабинет', 'бар-басейн', 'достъп за инвалиди']"
Семеен хотел Морска вила,3.0,Созопол,,стандартна стая,2,70 лв,студио,4,95 лв,апартамент,4,130 лв,"['открит басейн', 'паркинг', 'рент-а-кар', 'сейф', 'детски кът', 'детски басейн', 'барбекю', 'колела под наем', 'кафене', 'телевизор', 'сателитна тв', 'климатик', 'хладилник', 'мини-бар', 'интернет', 'баня/тоалетна', 'пералня', 'изглед', 'ютия']"
Къща за гости Каса Бранка,2.0,Созопол,7.4,стандартна стая,1,60 лв,стандартна стая,2,не се дава,,,,"['телевизор', 'кухня', 'кабелна тв', 'климатик', 'хладилник', 'интернет', 'баня/тоалетна', 'пералня', 'тераса', 'изглед', 'ютия', 'сешоар', 'кафе машина', 'лятна градина', 'електрическа кана', 'готварска печка']"
Къща за гости в Созопол,,Созопол,,стандартна стая,2,100 лв,лукс стая,2,110 лв,студио,4,140 лв,"['паркинг', 'телевизор', 'кабелна тв', 'климатик', 'хладилник', 'интернет', 'баня/тоалетна', 'тераса', 'изглед', 'ютия', 'сешоар']"
"Лунна пътека,100м плаж Хармани",3.0,Созопол,,стандартна стая,2,80 лв,стандартна стая,2,65 лв,стандартна стая,3,100 лв,"['паркинг', 'барбекю', 'телевизор', 'климатик', 'мини-бар', 'интернет', 'баня/тоалетна', 'тераса', 'изглед', 'ютия', 'кухненски бокс', 'достъп за инвалиди']"
Семеен хотел Вила Диана,3.0,Созопол,8.7,стандартна стая,2,90 лв,апартамент,4,190 лв,,,,"['открит басейн', 'конна база', 'телевизор', 'кабелна тв', 'климатик', 'отопление', 'хладилник', 'интернет', 'баня/тоалетна', 'микровълнова', 'тераса', 'ютия', 'кухненски бокс', 'гладене']"
"Вили Карен, Фиорд, Палома",,Созопол,,апартамент,4,140 лв,апартамент,5,140 лв,апартамент,7,200 лв,"['открит басейн', 'паркинг', 'детски басейн', 'телевизор', 'кухня', 'сателитна тв', 'климатик', 'хладилник', 'баня/тоалетна', 'микровълнова', 'тераса', 'изглед', 'ютия', 'кухненски бокс']"
Семеен хотел Екзотик,3.0,Созопол,9.7,стандартна стая,2,60 лв,стандартна стая,3,80 лв,апартамент,4,120 лв,"['телевизор', 'кабелна тв', 'климатик', 'хладилник', 'интернет', 'баня/тоалетна', 'тераса', 'изглед', 'ютия']"
Дом Апостолови,,Созопол,9.7,стандартна стая,2,90 лв,стандартна стая,3,110 лв,апартамент,4,150 лв,"['телевизор', 'кухня', 'кабелна тв', 'климатик', 'отопление', 'хладилник', 'мини-бар', 'интернет', 'баня/тоалетна', 'микровълнова', 'тераса', 'изглед', 'ютия', 'дом. любимци', 'кафе машина', 'лятна градина', 'електрическа кана', 'готварска печка']"
Семеен хотел Калипсо,3.0,Созопол,,стандартна стая,2,70 лв,,,,,,,"['телевизор', 'кабелна тв', 'климатик', 'хладилник', 'интернет', 'баня/тоалетна', 'тераса', 'изглед', 'ютия', 'кафе машина']"
Вила Св. Анна,2.0,Созопол,,стандартна стая,2,100 лв,студио,3,120 лв,,,,"['паркинг', 'детски кът', 'барбекю', 'телевизор', 'кухня', 'кабелна тв', 'хазяи', 'климатик', 'отопление', 'хладилник', 'интернет', 'баня/тоалетна', 'микровълнова', 'тераса', 'изглед', 'ютия', 'кухненски бокс', 'кафе машина', 'лятна градина', 'съдомиялна', 'електрическа кана', 'готварска печка']"
Хотел Централ,2.0,Созопол,,стандартна стая,1,45 лв,стандартна стая,2,90 лв,стандартна стая,3,120 лв,"['открит басейн', 'паркинг', 'ресторант', 'аниматори', 'сейф', 'детски кът', 'детски басейн', 'барбекю', 'кафене', 'телевизор', 'кабелна тв', 'климатик', 'интернет', 'баня/тоалетна', 'тераса', 'ютия', 'плащане с карта', 'дом. любимци', 'лятна градина', 'бар-басейн']"
Къща Лозенград,,Созопол,,стандартна стая,2,70 лв,студио,4,120 лв,,,,"['телевизор', 'кабелна тв', 'хазяи', 'климатик', 'хладилник', 'интернет', 'баня/тоалетна', 'микровълнова', 'тераса', 'ютия', 'сешоар', 'кухненски бокс', 'електрическа кана']"
Семеен хотел Радиана,3.0,Созопол,9.9,стандартна стая,2,150 лв,лукс стая,2,250 лв,студио,2,210 лв,"['паркинг', 'рент-а-кар', 'джакузи', 'колела под наем', 'телевизор', 'кабелна тв', 'климатик', 'отопление', 'хладилник', 'мини-бар', 'интернет', 'баня/тоалетна', 'микровълнова', 'тераса', 'изглед', 'ютия', 'сешоар', 'кухненски бокс', 'пране', 'гладене', 'кафе машина']"
Къща Kатерков,2.0,Созопол,9.1,стандартна стая,2,120 лв,студио,2,140 лв,студио,3,155 лв,"['телевизор', 'кухня', 'кабелна тв', 'климатик', 'хладилник', 'интернет', 'баня/тоалетна', 'микровълнова', 'пералня', 'тераса', 'изглед', 'ютия', 'кухненски бокс', 'кафе машина', 'лятна градина', 'електрическа кана', 'готварска печка']"
Семеен хотел Александра,2.0,Созопол,,стандартна стая,2,60 лв,апартамент,4,80 лв,,,,"['телевизор', 'кабелна тв', 'климатик', 'хладилник', 'интернет', 'баня/тоалетна', 'тераса', 'ютия', 'електрическа кана']"
Семеен хотел Софи,3.0,Созопол,9.4,стандартна стая,1,80 лв,стандартна стая,2,115 лв,стандартна стая,3,160 лв,"['открит басейн', 'рент-а-кар', 'сейф', 'колела под наем', 'студио за масаж', 'кафене', 'телевизор', 'кабелна тв', 'климатик', 'хладилник', 'интернет', 'баня/тоалетна', 'микровълнова', 'тераса', 'изглед', 'ютия', 'сешоар', 'кухненски бокс', 'пране', 'гладене', 'плащане с карта', 'кафе машина', 'лятна градина']"
Хотел Златната рибка,3.0,Созопол,,стандартна стая,2,170 лв,студио,3,180 лв,лукс апартамент,3,350 лв,"['паркинг', 'ресторант', 'охрана', 'сейф', 'джакузи', 'рум сервиз', 'конферентна зала', 'лоби бар', 'кафене', 'телевизор', 'кабелна тв', 'климатик', 'хладилник', 'мини-бар', 'телефон', 'интернет', 'баня/тоалетна', 'тераса', 'изглед', 'ютия', 'гараж', 'пране', 'гладене', 'хим. чистене', 'достъп за инвалиди', 'асансьор']"
Хотел Созопол,1.0,Созопол,5.6,стандартна стая,2,140 лв,стандартна стая,3,160 лв,апартамент,4,170 лв,"['ресторант', 'телевизор', 'кабелна тв', 'климатик', 'интернет', 'баня/тоалетна', 'тераса', 'изглед']"
Семеен хотел Проданови,3.0,Созопол,9.3,стандартна стая,2,80 лв,студио,2,110 лв,студио,3,125 лв,"['телевизор', 'кабелна тв', 'климатик', 'хладилник', 'интернет', 'баня/тоалетна', 'микровълнова', 'изглед', 'ютия', 'кухненски бокс', 'достъп за инвалиди']"
Вили Созопол,2.0,Созопол,9.0,стандартна стая,2,90 лв,стандартна стая,2,140 лв,стандартна стая,3,170 лв,"['открит басейн', 'телевизор', 'кабелна тв', 'климатик', 'отопление', 'интернет', 'баня/тоалетна', 'тераса', 'изглед', 'лятна градина', 'бар-басейн']"
Семеен хотел Хриси,2.0,Созопол,,стандартна стая,2,65 лв,стандартна стая,3,80 лв,апартамент,4,120 лв,"['паркинг', 'телевизор', 'кабелна тв', 'климатик', 'отопление', 'хладилник', 'мини-бар', 'интернет', 'баня/тоалетна', 'микровълнова', 'тераса', 'ютия', 'кухненски бокс', 'пране', 'гладене', 'електрическа кана']"
Комплекс Аполония Ризорт,4.0,Созопол,8.7,стандартна стая,2,240 лв,студио,2,220 лв,апартамент,3,290 лв,"['открит басейн', 'паркинг', 'ресторант', 'нощен бар', 'фитнес', 'билярд', 'рент-а-кар', 'аниматори', 'охрана', 'сейф', 'детски кът', 'детски басейн', 'тенис на маса', 'студио за масаж', 'телевизор', 'кабелна тв', 'климатик', 'хладилник', 'мини-бар', 'интернет', 'баня/тоалетна', 'тераса', 'изглед', 'ютия', 'сешоар', 'кухненски бокс', 'плащане с карта', 'бизнес услуги', 'дом. любимци', 'волейбол', 'лятна градина', 'бар-басейн', 'достъп за инвалиди', 'електрическа кана']"
Къща Скамния,,Созопол,,стандартна стая,2,не се дава,стандартна стая,3,не се дава,студио,4,не се дава,"['телевизор', 'кухня', 'кабелна тв', 'хазяи', 'климатик', 'хладилник', 'интернет', 'баня/тоалетна', 'тераса', 'изглед', 'ютия', 'гараж', 'готварска печка']"
Семеен хотел Батоев,3.0,Созопол,,квартира,2,60 лв,квартира,3,80 лв,квартира,4,110 лв,"['телевизор', 'кабелна тв', 'климатик', 'хладилник', 'интернет', 'баня/тоалетна', 'микровълнова', 'тераса', 'изглед', 'ютия', 'кухненски бокс', 'достъп за инвалиди', 'електрическа кана']"
Семеен хотел Чучулев,3.0,Созопол,8.9,стандартна стая,2,130 лв,лукс стая,2,170 лв,апартамент,4,220 лв,"['паркинг', 'рент-а-кар', 'сейф', 'телевизор', 'кабелна тв', 'сателитна тв', 'климатик', 'отопление', 'хладилник', 'интернет', 'баня/тоалетна', 'тераса', 'изглед', 'ютия', 'сешоар', 'пране', 'гладене', 'плащане с карта', 'лятна градина', 'електрическа кана']"
ДЖИ Хотел - Бутик,3.0,Созопол,9.5,стандартна стая,2,200 лв,лукс стая,2,250 лв,лукс стая,4,300 лв,"['открит басейн', 'паркинг', 'ресторант', 'фитнес', 'сейф', 'лоби бар', 'кафене', 'телевизор', 'кабелна тв', 'климатик', 'отопление', 'мини-бар', 'интернет', 'баня/тоалетна', 'тераса', 'изглед', 'ютия', 'сешоар', 'плащане с карта', 'кафе машина', 'лятна градина', 'електрическа кана']"
Хотел Парнас,3.0,Созопол,6.2,стандартна стая,2,145 лв,лукс стая,2,175 лв,студио,4,не се дава,"['паркинг', 'ресторант', 'рент-а-кар', 'сауна', 'сейф', 'рум сервиз', 'барбекю', 'лоби бар', 'телевизор', 'кабелна тв', 'климатик', 'хладилник', 'телефон', 'интернет', 'баня/тоалетна', 'тераса', 'изглед', 'ютия', 'сешоар', 'пране', 'плащане с карта', 'бизнес услуги']"
Къща за гости Силвър,3.0,Созопол,,стандартна стая,2,120 лв,стандартна стая,2,120 лв,лукс стая,3,130 лв,"['открит басейн', 'паркинг', 'детски басейн', 'телевизор', 'кухня', 'кабелна тв', 'климатик', 'отопление', 'хладилник', 'интернет', 'баня/тоалетна', 'микровълнова', 'пералня', 'тераса', 'изглед', 'ютия', 'сешоар', 'кухненски бокс', 'пране', 'кафе машина', 'електрическа кана']"
Семеен хотел Ориндж хаус,3.0,Созопол,6.8,стандартна стая,2,60 лв,стандартна стая,3,60 лв,,,,"['паркинг', 'кафене', 'телевизор', 'кабелна тв', 'сателитна тв', 'климатик', 'отопление', 'хладилник', 'интернет', 'баня/тоалетна', 'микровълнова', 'пералня', 'тераса', 'ютия', 'пране', 'гладене', 'кафе машина', 'достъп за инвалиди']"
Хотел Амон Ра,3.0,Созопол,8.8,стандартна стая,1,143 лв,студио,2,170 лв,апартамент,2,180 лв,"['ресторант', 'рент-а-кар', 'сейф', 'телевизор', 'кабелна тв', 'климатик', 'хладилник', 'телефон', 'интернет', 'баня/тоалетна', 'тераса', 'изглед', 'ютия', 'сешоар', 'електрическа кана']"
Семеен хотел Вила Свила,3.0,Созопол,8.9,стандартна стая,2,120 лв,,,,,,,"['кабелна тв', 'климатик', 'интернет', 'баня/тоалетна', 'изглед', 'кафе машина', 'електрическа кана']"
Хотел Селена бийч,3.0,Созопол,9.2,стандартна стая,2,115 лв,лукс стая,2,119 лв,апартамент,4,162 лв,"['открит басейн', 'паркинг', 'ресторант', 'рент-а-кар', 'сауна', 'сейф', 'джакузи', 'рум сервиз', 'детски кът', 'детски басейн', 'барбекю', 'колела под наем', 'тенис на маса', 'лоби бар', 'кафене', 'телевизор', 'кабелна тв', 'климатик', 'мини-бар', 'телефон', 'интернет', 'баня/тоалетна', 'микровълнова', 'тераса', 'изглед', 'ютия', 'сешоар', 'обменно бюро', 'кухненски бокс', 'пране', 'гладене', 'плащане с карта', 'лятна градина', 'бар-басейн']"
Семеен хотел Лотос,3.0,Созопол,,стандартна стая,2,110 лв,студио,4,150 лв,апартамент,4,170 лв,"['паркинг', 'ресторант', 'рент-а-кар', 'сейф', 'рум сервиз', 'телевизор', 'кабелна тв', 'климатик', 'хладилник', 'мини-бар', 'интернет', 'баня/тоалетна', 'тераса', 'изглед', 'вана', 'ютия', 'сешоар', 'пране', 'гладене', 'плащане с карта', 'лятна градина']"
Хотел Свети Никола,3.0,Созопол,8.6,стандартна стая,2,120 лв,,,,,,,"['ресторант', 'барбекю', 'кабелна тв', 'сателитна тв', 'климатик', 'хладилник', 'интернет', 'баня/тоалетна', 'тераса', 'изглед', 'ютия', 'сешоар', 'дом. любимци', 'лятна градина', 'електрическа кана']"
Семеен хотел Виктория,3.0,Созопол,8.6,стандартна стая,2,120 лв,стандартна стая,3,150 лв,,,,"['паркинг', 'рент-а-кар', 'сейф', 'телевизор', 'кабелна тв', 'климатик', 'мини-бар', 'интернет', 'баня/тоалетна', 'тераса', 'изглед', 'ютия', 'сешоар', 'пране', 'гладене', 'кафе машина', 'електрическа кана']"
Къща за гости Дриймс,3.0,Созопол,,къща,16,1600 лв,стандартна стая,2,160 лв,стандартна стая,3,210 лв,"['открит басейн', 'паркинг', 'детски басейн', 'барбекю', 'камина', 'телевизор', 'кухня', 'сателитна тв', 'климатик', 'хладилник', 'интернет', 'баня/тоалетна', 'микровълнова', 'тераса', 'изглед', 'ютия', 'сешоар', 'кухненски бокс', 'кафе машина', 'лятна градина', 'електрическа кана']"
Семеен хотел Приятели,2.0,Созопол,,стандартна стая,2,70 лв,студио,2,80 лв,апартамент,4,140 лв,"['паркинг', 'телевизор', 'кабелна тв', 'климатик', 'отопление', 'хладилник', 'интернет', 'баня/тоалетна', 'микровълнова', 'тераса', 'ютия', 'сешоар']"
Хотел Холидей,3.0,Созопол,9.2,стандартна стая,2,80 лв,стандартна стая,3,95 лв,стандартна стая,4,95 лв,"['телевизор', 'кабелна тв', 'климатик', 'отопление', 'хладилник', 'интернет', 'баня/тоалетна', 'микровълнова', 'пералня', 'тераса', 'ютия', 'кухненски бокс', 'пране']"
Семеен хотел Натали,3.0,Созопол,,стандартна стая,2,65 лв,стандартна стая,3,75 лв,студио,4,110 лв,"['паркинг', 'телевизор', 'кабелна тв', 'климатик', 'отопление', 'хладилник', 'мини-бар', 'интернет', 'баня/тоалетна', 'микровълнова', 'пералня', 'тераса', 'изглед', 'ютия', 'кухненски бокс', 'кафе машина']"
Къща Версия,3.0,Созопол,,стандартна стая,2,115 лв,лукс стая,2,130 лв,,,,"['паркинг', 'телевизор', 'кабелна тв', 'климатик', 'отопление', 'мини-бар', 'интернет', 'баня/тоалетна', 'тераса', 'изглед', 'ютия', 'сешоар', 'пране', 'кафе машина']"
Хотел Блек Сий Парадайс,2.0,Созопол,6.5,студио,2,244 лв,апартамент,3,277 лв,,,,"['открит басейн', 'охрана', 'детски басейн', 'телевизор', 'кабелна тв', 'климатик', 'хладилник', 'интернет', 'баня/тоалетна', 'микровълнова', 'тераса', 'изглед', 'ютия', 'сешоар', 'кухненски бокс', 'кафе машина', 'електрическа кана', 'готварска печка']"
Семеен хотел Свети Димитър,3.0,Созопол,,стандартна стая,2,няма цена,стандартна стая,3,няма цена,стандартна стая,4,няма цена,"['паркинг', 'барбекю', 'телевизор', 'кухня', 'кабелна тв', 'климатик', 'мини-бар', 'интернет', 'баня/тоалетна', 'микровълнова', 'тераса', 'изглед', 'ютия', 'сешоар', 'лятна градина', 'електрическа кана']"
Хотел ВМК,,Созопол,,стандартна стая,1,30 лв,стандартна стая,2,40 лв,,,,"['конферентна зала', 'кабелна тв', 'климатик', 'интернет', 'баня/тоалетна']"
Комплекс Вили над залива,3.0,Созопол,9.5,вила,6,380 лв,,,,,,,"['открит басейн', 'паркинг', 'детски кът', 'детски басейн', 'барбекю', 'телевизор', 'климатик', 'отопление', 'хладилник', 'интернет', 'баня/тоалетна', 'микровълнова', 'пералня', 'тераса', 'изглед', 'ютия', 'кухненски бокс', 'лятна градина', 'електрическа кана', 'готварска печка']"
Къща Тюлен,,Созопол,9.6,къща,15,300 лв,стандартна стая,2,55 лв,лукс стая,2,69 лв,"['екскурзовод', 'рент-а-кар', 'охрана', 'барбекю', 'колела под наем', 'камина', 'телевизор', 'кухня', 'кабелна тв', 'сателитна тв', 'климатик', 'отопление', 'хладилник', 'мини-бар', 'интернет', 'баня/тоалетна', 'микровълнова', 'пералня', 'тераса', 'изглед', 'радио', 'DVD', 'ютия', 'сешоар', 'кухненски бокс', 'пране', 'кафе машина', 'лятна градина', 'механа', 'достъп за инвалиди', 'електрическа кана']"
Семеен хотел Ривиера,3.0,Созопол,,стандартна стая,2,70 лв,мезонет,6,210 лв,,,,"['паркинг', 'охрана', 'сейф', 'детски кът', 'детски басейн', 'телевизор', 'кухня', 'кабелна тв', 'сателитна тв', 'климатик', 'хладилник', 'интернет', 'баня/тоалетна', 'тераса', 'изглед', 'ютия', 'кухненски бокс', 'гараж', 'пране', 'гладене', 'дом. любимци', 'кафе машина']"
Хотел Съни,3.0,Созопол,7.2,стандартна стая,2,109 лв,стандартна стая,3,139 лв,студио,4,148 лв,"['открит басейн', 'паркинг', 'ресторант', 'фитнес', 'рент-а-кар', 'охрана', 'сауна', 'сейф', 'рум сервиз', 'детски кът', 'детски басейн', 'барбекю', 'колела под наем', 'тенис на маса', 'лоби бар', 'телевизор', 'кабелна тв', 'сателитна тв', 'климатик', 'отопление', 'мини-бар', 'телефон', 'интернет', 'баня/тоалетна', 'тераса', 'вана', 'ютия', 'сешоар', 'пране', 'гладене', 'плащане с карта', 'лятна градина', 'бар-басейн']"
Арт Хотел,2.0,Созопол,,стандартна стая,2,145 лв,студио,3,180 лв,,,,"['паркинг', 'ресторант', 'рум сервиз', 'детски кът', 'телевизор', 'кабелна тв', 'климатик', 'отопление', 'хладилник', 'мини-бар', 'телефон', 'интернет', 'баня/тоалетна', 'тераса', 'изглед', 'сешоар', 'гладене', 'плащане с карта', 'лятна градина', 'достъп за инвалиди']"
Бутиков хотел Олив Вилас,5.0,Созопол,8.9,лукс стая,2,няма цена,апартамент,2,няма цена,,,,"['открит басейн', 'нощен бар', 'сауна', 'сейф', 'студио за масаж', 'парна баня', 'интернет клуб', 'телевизор', 'кабелна тв', 'климатик', 'мини-бар', 'интернет', 'тераса', 'изглед', 'SPA център', 'асансьор']"
Хотел Грийн Лайф Ресорт,4.0,Созопол,8.4,студио,2,207 лв,апартамент,3,282 лв,апартамент,5,510 лв,"['открит басейн', 'паркинг', 'ресторант', 'фитнес', 'билярд', 'тенис корт', 'рент-а-кар', 'охрана', 'сейф', 'детски кът', 'детски басейн', 'колела под наем', 'козметик', 'студио за масаж', 'кафене', 'телевизор', 'кабелна тв', 'климатик', 'хладилник', 'телефон', 'интернет', 'баня/тоалетна', 'пералня', 'тераса', 'изглед', 'фризьор', 'ютия', 'сешоар', 'кухненски бокс', 'пране', 'гладене', 'плащане с карта', 'фризьорски салон', 'баскетбол', 'футбол', 'бар-басейн']"
Семеен хотел Демиреви,2.0,Созопол,,апартамент,4,130 лв,,,,,,,"['паркинг', 'телевизор', 'кабелна тв', 'климатик', 'хладилник', 'интернет', 'баня/тоалетна', 'микровълнова', 'тераса', 'изглед', 'ютия', 'кухненски бокс', 'електрическа кана']"
Хотел БЧК,2.0,Созопол,,стандартна стая,2,130 лв,апартамент,3,160 лв,апартамент,4,180 лв,"['ресторант', 'конферентна зала', 'телевизор', 'кабелна тв', 'климатик', 'хладилник', 'интернет', 'баня/тоалетна', 'тераса', 'изглед', 'ютия', 'сешоар']"
Къща за гости Азалия,2.0,Созопол,9.3,стандартна стая,2,90 лв,стандартна стая,2,90 лв,стандартна стая,3,110 лв,"['паркинг', 'барбекю', 'телевизор', 'сателитна тв', 'климатик', 'хладилник', 'интернет', 'баня/тоалетна', 'тераса', 'изглед', 'ютия', 'кухненски бокс', 'кафе машина', 'електрическа кана']"
Семеен хотел Червено,3.0,Созопол,,стандартна стая,2,60 лв,стандартна стая,3,70 лв,студио,3,80 лв,"['телевизор', 'кухня', 'кабелна тв', 'климатик', 'хладилник', 'мини-бар', 'интернет', 'баня/тоалетна', 'микровълнова', 'тераса', 'изглед', 'ютия', 'сешоар', 'кухненски бокс', 'кафе машина', 'електрическа кана']"
Къща Орхидея,3.0,Созопол,,стандартна стая,2,90 лв,студио,4,160 лв,,,,"['телевизор', 'кабелна тв', 'сателитна тв', 'климатик', 'хладилник', 'интернет', 'баня/тоалетна', 'тераса', 'изглед', 'ютия', 'сешоар', 'електрическа кана']"
Хотел Аполония,3.0,Созопол,9.4,стандартна стая,2,60 лв,студио,3,90 лв,апартамент,4,100 лв,"['ресторант', 'детски кът', 'телевизор', 'кухня', 'кабелна тв', 'сателитна тв', 'климатик', 'отопление', 'хладилник', 'интернет', 'баня/тоалетна', 'микровълнова', 'пералня', 'тераса', 'изглед', 'ютия', 'сешоар', 'кухненски бокс', 'пране', 'гладене', 'плащане с карта', 'лятна градина']"
Хотел Офир,3.0,Созопол,7.9,студио,3,220 лв,студио,3,200 лв,апартамент,3,240 лв,"['открит басейн', 'паркинг', 'ресторант', 'фитнес', 'рент-а-кар', 'охрана', 'сауна', 'сейф', 'рум сервиз', 'детски басейн', 'козметик', 'студио за масаж', 'парна баня', 'телевизор', 'кабелна тв', 'климатик', 'отопление', 'хладилник', 'телефон', 'интернет', 'баня/тоалетна', 'микровълнова', 'пералня', 'тераса', 'изглед', 'кухненски бокс', 'пране', 'гладене', 'бизнес услуги', 'дом. любимци', 'бар-басейн']"
Хотел Одисей,3.0,Созопол,,стандартна стая,2,110 лв,лукс стая,2,120 лв,лукс стая,3,135 лв,"['открит басейн', 'паркинг', 'детски кът', 'детски басейн', 'телевизор', 'кабелна тв', 'климатик', 'отопление', 'хладилник', 'интернет', 'баня/тоалетна', 'тераса', 'изглед', 'ютия', 'сешоар', 'плащане с карта', 'дом. любимци', 'лятна градина', 'бар-басейн']"
Частен дом Тони,3.0,Созопол,,стандартна стая,2,90 лв,стандартна стая,3,100 лв,апартамент,5,190 лв,"['телевизор', 'кабелна тв', 'климатик', 'хладилник', 'интернет', 'баня/тоалетна', 'тераса', 'ютия']"
Хотел Златна звезда,3.0,Созопол,,стандартна стая,2,149 лв,стандартна стая,3,169 лв,стандартна стая,4,200 лв,"['открит басейн', 'паркинг', 'ресторант', 'сауна', 'сейф', 'детски кът', 'детски басейн', 'кафене', 'телевизор', 'кабелна тв', 'сателитна тв', 'климатик', 'хладилник', 'интернет', 'баня/тоалетна', 'тераса', 'изглед', 'ютия', 'сешоар', 'плащане с карта', 'дом. любимци', 'лятна градина', 'достъп за инвалиди', 'електрическа кана', 'асансьор']"
Хотел Фиеста,3.0,Созопол,,стандартна стая,2,128 лв,лукс стая,2,146 лв,апартамент,4,240 лв,"['лоби бар', 'телевизор', 'кабелна тв', 'сателитна тв', 'климатик', 'мини-бар', 'телефон', 'интернет', 'баня/тоалетна', 'тераса', 'изглед', 'ютия']"
Хотел Гардения,3.0,Созопол,8.6,апартамент,4,119 лв,,,,,,,"['открит басейн', 'паркинг', 'ресторант', 'фитнес', 'охрана', 'сауна', 'детски кът', 'детски басейн', 'кафене', 'телевизор', 'кухня', 'кабелна тв', 'сателитна тв', 'климатик', 'отопление', 'хладилник', 'интернет', 'баня/тоалетна', 'микровълнова', 'пералня', 'тераса', 'изглед', 'ютия', 'сешоар', 'кухненски бокс', 'гараж', 'гладене', 'плащане с карта', 'бар-басейн', 'електрическа кана']"
Хотел Филланд,2.0,Созопол,8.8,стандартна стая,2,75 лв,лукс стая,2,85 лв,студио,3,90 лв,"['телевизор', 'кабелна тв', 'климатик', 'хладилник', 'интернет', 'баня/тоалетна', 'тераса', 'изглед']"
Вила Лазур,3.0,Созопол,,стандартна стая,2,75 лв,стандартна стая,3,90 лв,студио,4,95 лв,"['телевизор', 'кабелна тв', 'климатик', 'хладилник', 'интернет', 'баня/тоалетна', 'тераса', 'изглед', 'ютия', 'гладене', 'достъп за инвалиди']"
Семеен хотел Марант,3.0,Созопол,9.2,стандартна стая,2,98 лв,стандартна стая,3,118 лв,апартамент,4,140 лв,"['паркинг', 'ресторант', 'охрана', 'рум сервиз', 'барбекю', 'лоби бар', 'кафене', 'телевизор', 'кабелна тв', 'климатик', 'мини-бар', 'интернет', 'баня/тоалетна', 'микровълнова', 'тераса', 'изглед', 'ютия', 'сешоар', 'кухненски бокс', 'гладене', 'плащане с карта', 'дом. любимци']"
Семеен хотел Eврика,3.0,Созопол,,стандартна стая,2,100 лв,студио,3,175 лв,апартамент,4,170 лв,"['паркинг', 'нощен бар', 'телевизор', 'кабелна тв', 'климатик', 'отопление', 'хладилник', 'интернет', 'баня/тоалетна', 'микровълнова', 'тераса', 'изглед', 'ютия', 'сешоар', 'кухненски бокс', 'пране', 'гладене', 'кафе машина']"
Хотел Созополис Холидей Вилидж,,Созопол,9.3,апартамент,3,370 лв,вила,5,545 лв,,,,"['открит басейн', 'паркинг', 'ресторант', 'фитнес', 'рент-а-кар', 'телевизор', 'кабелна тв', 'сателитна тв', 'климатик', 'хладилник', 'интернет', 'баня/тоалетна', 'пералня', 'изглед', 'ютия', 'сешоар', 'кухненски бокс', 'плащане с карта', 'дом. любимци', 'кафе машина', 'бар-басейн', 'електрическа кана', 'готварска печка']"
Хотел Парадайс Гардън,,Черноморец,,студио,2,180 лв,студио,3,200 лв,апартамент,5,355 лв,"['открит басейн', 'паркинг', 'ресторант', 'охрана', 'джакузи', 'рум сервиз', 'детски кът', 'детски басейн', 'колела под наем', 'конферентна зала', 'тенис на маса', 'кафене', 'телевизор', 'сателитна тв', 'климатик', 'хладилник', 'интернет', 'баня/тоалетна', 'изглед', 'ютия', 'сешоар', 'кухненски бокс', 'пране', 'гладене', 'бизнес услуги', 'хим. чистене', 'бар-басейн', 'достъп за инвалиди']"
Хотел Кавалер,2.0,Созопол,9.2,стандартна стая,2,120 лв,стандартна стая,3,140 лв,студио,3,140 лв,"['ресторант', 'рент-а-кар', 'сейф', 'телевизор', 'кабелна тв', 'климатик', 'отопление', 'хладилник', 'телефон', 'интернет', 'баня/тоалетна', 'тераса', 'ютия', 'сешоар', 'пране', 'гладене', 'плащане с карта', 'дом. любимци', 'лятна градина']"
Семеен хотел Елена,3.0,Созопол,8.6,стандартна стая,2,85 лв,стандартна стая,3,90 лв,студио,4,100 лв,"['телевизор', 'кабелна тв', 'сателитна тв', 'климатик', 'отопление', 'хладилник', 'баня/тоалетна', 'микровълнова', 'изглед', 'кухненски бокс', 'гараж', 'бизнес услуги', 'кафе машина', 'достъп за инвалиди']"
Семеен хотел Кани,,Созопол,8.9,стандартна стая,1,40 лв,стандартна стая,2,120 лв,студио,3,150 лв,"['рум сервиз', 'барбекю', 'кафене', 'телевизор', 'кабелна тв', 'климатик', 'хладилник', 'мини-бар', 'интернет', 'баня/тоалетна', 'микровълнова', 'пералня', 'тераса', 'изглед', 'ютия', 'сешоар', 'кухненски бокс', 'пране', 'гладене', 'дом. любимци', 'лятна градина', 'достъп за инвалиди']"
Къща Николай,,Созопол,,стандартна стая,2,65 лв,апартамент,4,140 лв,,,,"['телевизор', 'кухня', 'кабелна тв', 'климатик', 'хладилник', 'интернет', 'баня/тоалетна', 'тераса', 'кафе машина']"
Семеен хотел Дима,2.0,Созопол,7.1,стандартна стая,2,70 лв,студио,3,не се дава,лукс апартамент,4,не се дава,"['паркинг', 'телевизор', 'кабелна тв', 'климатик', 'хладилник', 'интернет', 'баня/тоалетна', 'микровълнова', 'пералня', 'тераса', 'изглед', 'ютия', 'кухненски бокс', 'кафе машина', 'лятна градина']"
Къща за гости Ефи,,Созопол,,стандартна стая,2,95 лв,лукс стая,2,100 лв,лукс стая,2,120 лв,"['телевизор', 'кабелна тв', 'климатик', 'хладилник', 'интернет', 'баня/тоалетна', 'микровълнова', 'тераса', 'ютия', 'сешоар', 'кафе машина', 'лятна градина', 'електрическа кана']"
Къща за гости Созополис,2.0,Созопол,,стандартна стая,2,70 лв,стандартна стая,3,80 лв,студио,3,100 лв,"['телевизор', 'кабелна тв', 'сателитна тв', 'климатик', 'отопление', 'хладилник', 'интернет', 'баня/тоалетна', 'тераса', 'изглед', 'ютия', 'кухненски бокс', 'дом. любимци', 'кафе машина']"
Семеен хотел Фани,3.0,Созопол,,стандартна стая,2,40 лв,студио,3,60 лв,апартамент,4,80 лв,"['телевизор', 'кухня', 'кабелна тв', 'климатик', 'хладилник', 'баня/тоалетна', 'микровълнова', 'тераса', 'изглед', 'кухненски бокс']"
Хотел Лили Бийч Ризорт,,Созопол,9.1,студио,2,190 лв,апартамент,4,210 лв,,,,"['открит басейн', 'паркинг', 'ресторант', 'охрана', 'детски кът', 'детски басейн', 'телевизор', 'кабелна тв', 'сателитна тв', 'климатик', 'хладилник', 'интернет', 'баня/тоалетна', 'микровълнова', 'тераса', 'изглед', 'ютия', 'сешоар', 'кухненски бокс', 'пране', 'гладене', 'плащане с карта', 'бар-басейн', 'електрическа кана']"
Апарткомплекс Жасмин Гардън,3.0,Созопол,,студио,4,100 лв,апартамент,4,160 лв,,,,"['открит басейн', 'паркинг', 'охрана', 'джакузи', 'детски кът', 'детски басейн', 'барбекю', 'телевизор', 'кухня', 'кабелна тв', 'сателитна тв', 'климатик', 'отопление', 'хладилник', 'мини-бар', 'интернет', 'баня/тоалетна', 'микровълнова', 'пералня', 'тераса', 'изглед', 'радио', 'ютия', 'сешоар', 'кухненски бокс', 'кафе машина', 'лятна градина', 'достъп за инвалиди']"
Саргас Созопол,2.0,Созопол,8.0,стандартна стая,1,49 лв,стандартна стая,2,59 лв,стандартна стая,3,74 лв,"['ресторант', 'рент-а-кар', 'колела под наем', 'лоби бар', 'кафене', 'кабелна тв', 'климатик', 'хладилник', 'интернет', 'баня/тоалетна', 'тераса', 'изглед', 'ютия', 'сешоар', 'плащане с карта']"
Къща Николина,2.0,Созопол,,стандартна стая,2,60 лв,студио,4,100 лв,,,,"['телевизор', 'кабелна тв', 'хазяи', 'климатик', 'хладилник', 'интернет', 'баня/тоалетна', 'тераса', 'ютия', 'електрическа кана']"
Семеен хотел Каса Дел Маре,3.0,Созопол,8.3,стандартна стая,2,180 лв,лукс стая,2,220 лв,апартамент,3,295 лв,"['паркинг', 'ресторант', 'сейф', 'телевизор', 'кабелна тв', 'климатик', 'отопление', 'хладилник', 'мини-бар', 'интернет', 'баня/тоалетна', 'тераса', 'ютия', 'сешоар', 'плащане с карта']"
Къща за гости Blue breeze,2.0,Созопол,,къща,4,110 лв,стандартна стая,2,50 лв,апартамент,3,95 лв,"['паркинг', 'телевизор', 'кухня', 'кабелна тв', 'сателитна тв', 'климатик', 'отопление', 'хладилник', 'интернет', 'баня/тоалетна', 'микровълнова', 'тераса', 'ютия', 'кухненски бокс', 'дом. любимци', 'лятна градина', 'електрическа кана', 'готварска печка']"
Семеен хотел Корал,3.0,Созопол,7.6,стандартна стая,2,140 лв,стандартна стая,3,160 лв,апартамент,4,180 лв,"['паркинг', 'ресторант', 'телевизор', 'кабелна тв', 'климатик', 'хладилник', 'интернет', 'баня/тоалетна', 'тераса', 'изглед', 'ютия', 'лятна градина']"
Семеен хотел Ленивият слон,3.0,Созопол,,стандартна стая,2,70 лв,апартамент,3,200 лв,,,,"['паркинг', 'телевизор', 'кухня', 'кабелна тв', 'климатик', 'хладилник', 'мини-бар', 'баня/тоалетна', 'микровълнова', 'тераса', 'изглед', 'ютия', 'кухненски бокс', 'дом. любимци', 'кафе машина']"
Солинария Бутик Хотел,3.0,Созопол,9.3,стандартна стая,2,150 лв,стандартна стая,3,150 лв,лукс стая,2,170 лв,"['открит басейн', 'паркинг', 'рент-а-кар', 'охрана', 'сейф', 'джакузи', 'рум сервиз', 'детски басейн', 'лоби бар', 'кафене', 'телевизор', 'сателитна тв', 'климатик', 'отопление', 'хладилник', 'мини-бар', 'интернет', 'баня/тоалетна', 'пералня', 'тераса', 'изглед', 'ютия', 'сешоар', 'гараж', 'пране', 'гладене', 'плащане с карта', 'бизнес услуги', 'дом. любимци', 'кафе машина', 'лятна градина', 'станция за електромобили', 'асансьор']"
"Арт Комплекс Анел, Буджака",3.0,Созопол,9.3,стандартна стая,2,300 лв,апартамент,3,430 лв,лукс апартамент,2,495 лв,"['открит басейн', 'паркинг', 'ресторант', 'фитнес', 'тенис корт', 'сауна', 'сейф', 'детски басейн', 'парна баня', 'телевизор', 'кабелна тв', 'сателитна тв', 'климатик', 'мини-бар', 'интернет', 'баня/тоалетна', 'тераса', 'изглед', 'вана', 'сешоар', 'пране', 'гладене', 'плащане с карта', 'кафе машина', 'лятна градина', 'бар-басейн', 'SPA център']"
Квартири Калоянови,,Созопол,,стандартна стая,2,60 лв,стандартна стая,3,80 лв,апартамент,4,100 лв,"['телевизор', 'кабелна тв', 'климатик', 'хладилник', 'интернет', 'баня/тоалетна', 'микровълнова', 'тераса', 'ютия', 'кухненски бокс', 'електрическа кана']"
Хотел Селена,4.0,Созопол,,стандартна стая,2,250 лв,лукс стая,3,288 лв,студио,2,299 лв,"['открит басейн', 'паркинг', 'ресторант', 'фитнес', 'билярд', 'рент-а-кар', 'охрана', 'сауна', 'сейф', 'рум сервиз', 'детски кът', 'детски басейн', 'конферентна зала', 'солариум', 'лоби бар', 'студио за масаж', 'телевизор', 'кабелна тв', 'климатик', 'отопление', 'мини-бар', 'телефон', 'интернет', 'баня/тоалетна', 'тераса', 'изглед', 'вана', 'ютия', 'сешоар', 'пране', 'гладене', 'плащане с карта', 'бизнес услуги', 'лятна градина', 'бар-басейн', 'достъп за инвалиди', 'SPA център', 'асансьор']"
Семеен хотел Зелената къща,2.0,Созопол,,студио,3,90 лв,апартамент,4,140 лв,апартамент,6,160 лв,"['паркинг', 'детски кът', 'телевизор', 'кухня', 'кабелна тв', 'климатик', 'хладилник', 'интернет', 'баня/тоалетна', 'микровълнова', 'тераса', 'изглед', 'ютия', 'кухненски бокс', 'пране', 'кафе машина', 'лятна градина']"
Семеен хотел Радик,3.0,Созопол,8.7,стандартна стая,2,80 лв,стандартна стая,3,98 лв,студио,2,84 лв,"['открит басейн', 'сейф', 'детски басейн', 'кафене', 'телевизор', 'кухня', 'кабелна тв', 'климатик', 'отопление', 'хладилник', 'мини-бар', 'интернет', 'баня/тоалетна', 'микровълнова', 'пералня', 'тераса', 'изглед', 'ютия', 'сешоар', 'обменно бюро', 'кухненски бокс', 'пране', 'гладене', 'плащане с карта', 'бизнес услуги', 'лятна градина', 'електрическа кана']"
Къща Желеви,3.0,Созопол,9.1,лукс стая,3,100 лв,студио,3,120 лв,,,,"['телевизор', 'кухня', 'кабелна тв', 'климатик', 'хладилник', 'интернет', 'баня/тоалетна', 'тераса', 'изглед', 'ютия', 'сешоар', 'електрическа кана', 'готварска печка']"
Вива Маре Бийч Хотел,4.0,Созопол,9.2,,,,,,,,,,"['открит басейн', 'паркинг', 'ресторант', 'сауна', 'детски кът', 'студио за масаж', 'парна баня', 'кафене', 'телевизор', 'кабелна тв', 'климатик', 'интернет', 'баня/тоалетна', 'обменно бюро', 'пране', 'гладене', 'хим. чистене', 'бар-басейн', 'SPA център']"
Семеен хотел Деница,2.0,Созопол,,стандартна стая,2,70 лв,стандартна стая,3,90 лв,,,,"['барбекю', 'телевизор', 'кабелна тв', 'климатик', 'хладилник', 'интернет', 'баня/тоалетна', 'изглед', 'достъп за инвалиди']"
Хотел Блу Бей Бутик,5.0,Созопол,9.3,стандартна стая,2,323 лв,лукс стая,2,410 лв,апартамент,4,548 лв,"['открит басейн', 'паркинг', 'ресторант', 'фитнес', 'рент-а-кар', 'сауна', 'сейф', 'рум сервиз', 'лоби бар', 'студио за масаж', 'парна баня', 'кафене', 'телевизор', 'кабелна тв', 'сателитна тв', 'климатик', 'мини-бар', 'телефон', 'интернет', 'баня/тоалетна', 'пералня', 'тераса', 'изглед', 'ютия', 'сешоар', 'пране', 'гладене', 'плащане с карта', 'дом. любимци', 'кафе машина', 'лятна градина', 'достъп за инвалиди', 'SPA център', 'електрическа кана']"
Семеен хотел Диамант,2.0,Созопол,8.7,стандартна стая,2,70 лв,стандартна стая,3,90 лв,апартамент,4,110 лв,"['телевизор', 'кабелна тв', 'климатик', 'отопление', 'хладилник', 'интернет', 'баня/тоалетна', 'тераса', 'изглед', 'ютия', 'пране']"
Хотел Орхидея,3.0,Созопол,9.2,лукс стая,2,100 лв,студио,3,130 лв,студио,3,140 лв,"['паркинг', 'телевизор', 'кабелна тв', 'климатик', 'хладилник', 'интернет', 'баня/тоалетна', 'тераса', 'изглед', 'ютия', 'сешоар', 'пране', 'гладене', 'електрическа кана']"
Хотел Тааи,3.0,Созопол,8.9,стандартна стая,2,180 лв,стандартна стая,3,210 лв,апартамент,4,300 лв,"['открит басейн', 'паркинг', 'ресторант', 'фитнес', 'охрана', 'сейф', 'джакузи', 'рум сервиз', 'детски кът', 'детски басейн', 'лоби бар', 'интернет клуб', 'кафене', 'телевизор', 'кухня', 'кабелна тв', 'сателитна тв', 'климатик', 'отопление', 'хладилник', 'мини-бар', 'телефон', 'интернет', 'баня/тоалетна', 'микровълнова', 'пералня', 'тераса', 'изглед', 'радио', 'ютия', 'сешоар', 'кухненски бокс', 'пране', 'гладене', 'плащане с карта', 'лятна градина', 'бар-басейн']"
Хотел Руж,3.0,Созопол,9.2,апартамент,4,100 лв,,,,,,,"['открит басейн', 'паркинг', 'детски басейн', 'телевизор', 'кабелна тв', 'климатик', 'хладилник', 'интернет', 'баня/тоалетна', 'микровълнова', 'тераса', 'изглед', 'кухненски бокс']"
Хотел Дани бийч,3.0,Созопол,8.6,стандартна стая,2,120 лв,апартамент,3,160 лв,апартамент,3,180 лв,"['паркинг', 'детски кът', 'лоби бар', 'телевизор', 'сателитна тв', 'климатик', 'хладилник', 'интернет', 'баня/тоалетна', 'тераса', 'изглед', 'гладене', 'плащане с карта', 'лятна градина']"
Къща Плада Вю,3.0,Созопол,8.5,стандартна стая,2,70 лв,стандартна стая,3,80 лв,студио,5,115 лв,"['паркинг', 'барбекю', 'телевизор', 'кабелна тв', 'хазяи', 'климатик', 'отопление', 'хладилник', 'интернет', 'баня/тоалетна', 'микровълнова', 'тераса', 'изглед', 'ютия', 'кухненски бокс', 'пране', 'електрическа кана']"
Лукс къща в Буджака,2.0,Созопол,9.8,вила,3,1100 лв,вила,4,1100 лв,вила,5,1100 лв,"['открит басейн', 'телевизор', 'кухня', 'климатик', 'хладилник', 'интернет', 'баня/тоалетна', 'микровълнова', 'пералня', 'тераса', 'изглед', 'вана', 'сешоар', 'кафе машина', 'лятна градина']"
Семеен хотел Аполонис,3.0,Созопол,,стандартна стая,2,140 лв,апартамент,2,170 лв,,,,"['паркинг', 'телевизор', 'кабелна тв', 'сателитна тв', 'климатик', 'отопление', 'хладилник', 'телефон', 'интернет', 'баня/тоалетна', 'пералня', 'тераса', 'изглед', 'ютия', 'сешоар', 'кафе машина']"
Чери Вила,3.0,Созопол,9.3,къща,10,400 лв,стандартна стая,2,90 лв,студио,3,125 лв,"['паркинг', 'рент-а-кар', 'охрана', 'детски кът', 'барбекю', 'колела под наем', 'конферентна зала', 'тенис на маса', 'кафене', 'телевизор', 'кухня', 'кабелна тв', 'сателитна тв', 'климатик', 'отопление', 'хладилник', 'мини-бар', 'интернет', 'баня/тоалетна', 'микровълнова', 'пералня', 'тераса', 'изглед', 'радио', 'ютия', 'сешоар', 'кухненски бокс', 'пране', 'плащане с карта', 'дом. любимци', 'кафе машина', 'лятна градина', 'механа', 'съдомиялна', 'електрическа кана', 'готварска печка']"
Комплекс Античен кладенец,,Созопол,9.9,,,,,,,,,,"['открит басейн', 'паркинг', 'детски басейн', 'телевизор', 'сателитна тв', 'климатик', 'хладилник', 'интернет', 'баня/тоалетна', 'тераса', 'изглед', 'сешоар', 'лятна градина', 'електрическа кана']"
Стаи за гости Синева,3.0,Созопол,8.2,лукс стая,2,90 лв,лукс стая,2,75 лв,лукс стая,2,80 лв,"['телевизор', 'кабелна тв', 'климатик', 'отопление', 'хладилник', 'интернет', 'баня/тоалетна', 'тераса', 'изглед', 'ютия', 'сешоар', 'електрическа кана']"
Хотел Перла Бийч,3.0,Созопол,9.4,стандартна стая,2,115 лв,лукс стая,2,115 лв,лукс стая,3,115 лв,"['детски кът', 'телевизор', 'кабелна тв', 'сателитна тв', 'климатик', 'хладилник', 'интернет', 'баня/тоалетна', 'микровълнова', 'тераса', 'изглед', 'ютия', 'сешоар', 'кафе машина', 'лятна градина', 'бар-басейн', 'електрическа кана']"
Семеен хотел Пепи,2.0,Созопол,,стандартна стая,2,70 лв,стандартна стая,3,85 лв,студио,4,95 лв,"['паркинг', 'телевизор', 'кабелна тв', 'сателитна тв', 'климатик', 'хладилник', 'интернет', 'баня/тоалетна', 'микровълнова', 'тераса', 'изглед', 'ютия', 'електрическа кана']"
Семеен хотел Логатеро,3.0,Созопол,9.2,стандартна стая,2,210 лв,студио,4,270 лв,лукс апартамент,4,310 лв,"['открит басейн', 'паркинг', 'рент-а-кар', 'сейф', 'детски басейн', 'лоби бар', 'кафене', 'телевизор', 'кухня', 'кабелна тв', 'сателитна тв', 'климатик', 'отопление', 'хладилник', 'мини-бар', 'интернет', 'баня/тоалетна', 'микровълнова', 'тераса', 'изглед', 'ютия', 'сешоар', 'кухненски бокс', 'плащане с карта', 'съдомиялна', 'електрическа кана']"
Хотел Голдън Плейс,3.0,Созопол,8.4,стандартна стая,2,135 лв,стандартна стая,3,180 лв,стандартна стая,4,215 лв,"['открит басейн', 'паркинг', 'ресторант', 'сейф', 'джакузи', 'детски кът', 'детски басейн', 'барбекю', 'тенис на маса', 'кафене', 'телевизор', 'кабелна тв', 'климатик', 'хладилник', 'интернет', 'баня/тоалетна', 'микровълнова', 'тераса', 'изглед', 'вана', 'ютия', 'сешоар', 'гладене', 'плащане с карта', 'лятна градина', 'механа', 'достъп за инвалиди', 'електрическа кана', 'асансьор']"
Хотел Сиена Хаус,3.0,Созопол,8.7,стандартна стая,2,139 лв,стандартна стая,2,129 лв,,,,"['паркинг', 'рент-а-кар', 'кафене', 'телевизор', 'кабелна тв', 'сателитна тв', 'климатик', 'хладилник', 'интернет', 'баня/тоалетна', 'тераса', 'изглед', 'ютия', 'сешоар', 'пране', 'плащане с карта', 'лятна градина']"
Семеен хотел Гая,,Созопол,9.9,лукс стая,2,210 лв,студио,2,280 лв,лукс апартамент,2,280 лв,"['телевизор', 'кабелна тв', 'климатик', 'хладилник', 'интернет', 'баня/тоалетна', 'тераса', 'изглед', 'сешоар']"
Вила Весела,3.0,Созопол,9.1,стандартна стая,2,70 лв,стандартна стая,3,85 лв,студио,3,120 лв,"['паркинг', 'телевизор', 'кабелна тв', 'климатик', 'хладилник', 'мини-бар', 'интернет', 'баня/тоалетна', 'микровълнова', 'тераса', 'изглед', 'ютия', 'сешоар', 'гладене', 'лятна градина', 'електрическа кана']"
Семеен хотел Калипсо,3.0,Созопол,,стандартна стая,2,45 лв,студио,3,70 лв,студио,3,80 лв,"['телевизор', 'кабелна тв', 'климатик', 'хладилник', 'интернет', 'баня/тоалетна', 'тераса', 'изглед', 'ютия', 'кухненски бокс', 'гладене', 'достъп за инвалиди']"
Семеен хотел Телъви,2.0,Созопол,,стандартна стая,2,80 лв,стандартна стая,3,108 лв,стандартна стая,4,138 лв,"['тенис на маса', 'телевизор', 'кабелна тв', 'хладилник', 'интернет', 'баня/тоалетна', 'микровълнова', 'тераса', 'изглед', 'ютия', 'кухненски бокс', 'лятна градина', 'електрическа кана']"
Семеен хотел Море,3.0,Созопол,9.5,стандартна стая,1,80 лв,стандартна стая,2,100 лв,,,,"['открит басейн', 'паркинг', 'рент-а-кар', 'сауна', 'джакузи', 'лоби бар', 'кафене', 'телевизор', 'кабелна тв', 'сателитна тв', 'климатик', 'отопление', 'хладилник', 'мини-бар', 'телефон', 'интернет', 'баня/тоалетна', 'тераса', 'изглед', 'вана', 'ютия', 'сешоар', 'гладене', 'лятна градина']"
Ема хотел,3.0,Созопол,9.2,стандартна стая,2,98 лв,лукс стая,2,112 лв,студио,3,128 лв,"['открит басейн', 'детски басейн', 'колела под наем', 'кафене', 'телевизор', 'кабелна тв', 'климатик', 'отопление', 'хладилник', 'интернет', 'баня/тоалетна', 'пералня', 'тераса', 'изглед', 'ютия', 'сешоар', 'пране', 'гладене', 'плащане с карта', 'кафе машина', 'лятна градина', 'бар-басейн']"
Апарт комплекс Елинор Буджака,,Созопол,9.5,апартамент,4,150 лв,апартамент,6,180 лв,,,,"['открит басейн', 'паркинг', 'телевизор', 'кухня', 'кабелна тв', 'климатик', 'хладилник', 'интернет', 'баня/тоалетна', 'пералня', 'тераса', 'изглед', 'радио', 'DVD', 'ютия', 'сешоар', 'кухненски бокс', 'дом. любимци', 'електрическа кана', 'готварска печка']"
Семеен хотел Рейнбоу 2,2.0,Созопол,,стандартна стая,2,50 лв,стандартна стая,3,60 лв,студио,4,80 лв,"['телевизор', 'кабелна тв', 'климатик', 'хладилник', 'интернет', 'баня/тоалетна', 'микровълнова', 'тераса', 'изглед', 'ютия', 'сешоар', 'пране', 'гладене']"
Вила Валеев,3.0,Созопол,8.7,стандартна стая,2,90 лв,студио,3,115 лв,апартамент,4,150 лв,"['открит басейн', 'охрана', 'сейф', 'джакузи', 'детски басейн', 'кафене', 'телевизор', 'кабелна тв', 'климатик', 'хладилник', 'телефон', 'интернет', 'баня/тоалетна', 'микровълнова', 'тераса', 'изглед', 'ютия', 'сешоар', 'кухненски бокс', 'пране', 'плащане с карта', 'лятна градина', 'бар-басейн']"
Семеен хотел Портокал,3.0,Созопол,,стандартна стая,2,60 лв,студио,3,80 лв,апартамент,4,90 лв,"['телевизор', 'кухня', 'кабелна тв', 'климатик', 'хладилник', 'мини-бар', 'интернет', 'баня/тоалетна', 'микровълнова', 'тераса', 'изглед', 'ютия', 'кухненски бокс']"
Семеен хотел Кандрови,3.0,Созопол,9.1,стандартна стая,2,150 лв,стандартна стая,3,180 лв,студио,3,180 лв,"['открит басейн', 'паркинг', 'екскурзовод', 'охрана', 'сейф', 'джакузи', 'детски басейн', 'колела под наем', 'лоби бар', 'кафене', 'телевизор', 'кабелна тв', 'климатик', 'хладилник', 'мини-бар', 'интернет', 'баня/тоалетна', 'микровълнова', 'тераса', 'ютия', 'сешоар', 'плащане с карта', 'кафе машина', 'лятна градина', 'бар-басейн', 'електрическа кана']"
Семеен хотел Флагa,2.0,Созопол,9.3,,,,,,,,,,"['паркинг', 'телевизор', 'кабелна тв', 'климатик', 'мини-бар', 'интернет', 'баня/тоалетна', 'тераса', 'изглед', 'ютия', 'лятна градина']"
Семеен хотел Азур,3.0,Созопол,8.9,студио,3,140 лв,апартамент,4,190 лв,мезонет,5,240 лв,"['паркинг', 'рент-а-кар', 'телевизор', 'кухня', 'кабелна тв', 'климатик', 'отопление', 'хладилник', 'интернет', 'баня/тоалетна', 'микровълнова', 'пералня', 'тераса', 'изглед', 'вана', 'ютия', 'сешоар', 'кухненски бокс', 'пране', 'гладене', 'кафе машина', 'електрическа кана', 'готварска печка', 'асансьор']"
Вила Миа,,Созопол,9.7,стандартна стая,2,120 лв,студио,3,140 лв,апартамент,4,170 лв,"['открит басейн', 'паркинг', 'детски кът', 'детски басейн', 'телевизор', 'кабелна тв', 'сателитна тв', 'климатик', 'хладилник', 'мини-бар', 'интернет', 'баня/тоалетна', 'тераса', 'изглед', 'ютия', 'кухненски бокс', 'гладене', 'кафе машина', 'бар-басейн', 'електрическа кана']"
Къщи Парадайс Вилас,,Созопол,,къща,12,980 лв,,,,,,,"['открит басейн', 'паркинг', 'барбекю', 'телевизор', 'кухня', 'кабелна тв', 'климатик', 'отопление', 'хладилник', 'интернет', 'баня/тоалетна', 'пералня', 'тераса', 'изглед', 'ютия', 'сешоар', 'кухненски бокс', 'кафе машина', 'съдомиялна', 'електрическа кана', 'готварска печка']"
Хотел Созополи Стайл,3.0,Созопол,7.0,студио,2,135 лв,апартамент,3,175 лв,,,,"['открит басейн', 'ресторант', 'фитнес', 'рент-а-кар', 'охрана', 'сауна', 'сейф', 'детски кът', 'детски басейн', 'барбекю', 'кафене', 'телевизор', 'климатик', 'хладилник', 'баня/тоалетна', 'микровълнова', 'тераса', 'ютия', 'сешоар', 'кухненски бокс', 'плащане с карта', 'лятна градина', 'бар-басейн']"
Вила Калиопе в к-с Созополис,,Созопол,10.0,вила,6,600 лв,,,,,,,"['открит басейн', 'паркинг', 'барбекю', 'телевизор', 'кухня', 'кабелна тв', 'сателитна тв', 'климатик', 'отопление', 'хладилник', 'интернет', 'баня/тоалетна', 'пералня', 'тераса', 'изглед', 'вана', 'ютия', 'сешоар', 'кухненски бокс', 'кафе машина', 'лятна градина', 'съдомиялна', 'електрическа кана', 'готварска печка']"
Къща Пепи,3.0,Созопол,,стандартна стая,2,70 лв,стандартна стая,3,100 лв,мезонет,4,120 лв,"['детски кът', 'телевизор', 'кабелна тв', 'хазяи', 'климатик', 'хладилник', 'интернет', 'баня/тоалетна', 'тераса', 'изглед', 'ютия', 'лятна градина', 'електрическа кана']"
Вила Диди,,Созопол,10.0,стандартна стая,2,130 лв,,,,,,,"['паркинг', 'телевизор', 'кабелна тв', 'климатик', 'хладилник', 'интернет', 'баня/тоалетна', 'тераса', 'изглед', 'ютия', 'кафе машина']"
Къща за гости Мариана,2.0,Созопол,,стандартна стая,2,90 лв,стандартна стая,2,80 лв,студио,3,120 лв,"['телевизор', 'кабелна тв', 'климатик', 'хладилник', 'интернет', 'баня/тоалетна', 'тераса', 'изглед', 'ютия', 'пране', 'лятна градина', 'електрическа кана']"
Хотел Аполон,2.0,Созопол,,стандартна стая,2,120 лв,стандартна стая,3,130 лв,студио,4,140 лв,"['ресторант', 'нощен бар', 'охрана', 'детски кът', 'лоби бар', 'кафене', 'телевизор', 'кабелна тв', 'сателитна тв', 'климатик', 'хладилник', 'мини-бар', 'интернет', 'баня/тоалетна', 'тераса', 'изглед', 'радио', 'ютия', 'сешоар', 'лятна градина', 'механа', 'електрическа кана']"
Самостоятелна къща Вяра,3.0,Созопол,,къща,6,250 лв,,,,,,,"['паркинг', 'телевизор', 'кухня', 'сателитна тв', 'климатик', 'отопление', 'хладилник', 'интернет', 'баня/тоалетна', 'микровълнова', 'пералня', 'тераса', 'ютия', 'сешоар', 'кухненски бокс', 'кафе машина', 'съдомиялна', 'електрическа кана', 'готварска печка']"
Къща Калина,3.0,Созопол,,стандартна стая,2,100 лв,стандартна стая,3,130 лв,,,,"['телевизор', 'кабелна тв', 'климатик', 'хладилник', 'интернет', 'баня/тоалетна', 'тераса', 'изглед', 'ютия', 'пране', 'кафе машина', 'електрическа кана']"
Вила Лист,4.0,Созопол,8.1,стандартна стая,1,246 лв,стандартна стая,2,228 лв,лукс стая,3,330 лв,"['открит басейн', 'паркинг', 'ресторант', 'фитнес', 'казино', 'рент-а-кар', 'сауна', 'сейф', 'джакузи', 'рум сервиз', 'детски басейн', 'конферентна зала', 'козметик', 'лоби бар', 'студио за масаж', 'парна баня', 'телевизор', 'кабелна тв', 'климатик', 'отопление', 'мини-бар', 'телефон', 'интернет', 'баня/тоалетна', 'пералня', 'тераса', 'изглед', 'закрит басейн', 'фризьор', 'вана', 'сешоар', 'пране', 'гладене', 'плащане с карта', 'фризьорски салон', 'бизнес услуги', 'лятна градина', 'бар-басейн']"
Апарт-Хотел Онегин SPA,3.0,Созопол,8.3,стандартна стая,2,98 лв,стандартна стая,3,115 лв,апартамент,3,165 лв,"['открит басейн', 'паркинг', 'ресторант', 'нощен клуб', 'рент-а-кар', 'сауна', 'сейф', 'рум сервиз', 'детски кът', 'детски басейн', 'колела под наем', 'лоби бар', 'студио за масаж', 'кафене', 'телевизор', 'кухня', 'кабелна тв', 'климатик', 'хладилник', 'телефон', 'интернет', 'баня/тоалетна', 'микровълнова', 'тераса', 'ютия', 'сешоар', 'обменно бюро', 'кухненски бокс', 'плащане с карта', 'кафе машина', 'лекарски кабинет', 'бар-басейн', 'SPA център', 'електрическа кана', 'готварска печка']"
Квартира Прима,3.0,Созопол,,стандартна стая,2,не се дава,апартамент,2,не се дава,,,,"['паркинг', 'телевизор', 'кабелна тв', 'сателитна тв', 'климатик', 'хладилник', 'интернет', 'баня/тоалетна', 'тераса', 'изглед', 'ютия', 'сешоар', 'електрическа кана']"
Семеен хотел Посейдон,3.0,Созопол,,стандартна стая,2,95 лв,лукс стая,2,120 лв,,,,"['телевизор', 'кабелна тв', 'климатик', 'отопление', 'хладилник', 'интернет', 'баня/тоалетна', 'тераса', 'изглед', 'ютия', 'сешоар', 'обменно бюро']"
Апартамент в Грийн Лайф морска гледка,5.0,Созопол,9.8,апартамент,4,220 лв,,,,,,,"['открит басейн', 'паркинг', 'ресторант', 'охрана', 'детски кът', 'детски басейн', 'телевизор', 'кухня', 'кабелна тв', 'климатик', 'отопление', 'хладилник', 'телефон', 'интернет', 'баня/тоалетна', 'микровълнова', 'пералня', 'тераса', 'изглед', 'ютия', 'сешоар', 'кухненски бокс', 'кафе машина', 'лятна градина', 'електрическа кана', 'готварска печка']"
Вила Роси,3.0,Созопол,9.3,стандартна стая,2,94 лв,студио,3,148 лв,апартамент,4,186 лв,"['паркинг', 'сейф', 'телевизор', 'кабелна тв', 'климатик', 'хладилник', 'интернет', 'баня/тоалетна', 'микровълнова', 'тераса', 'изглед', 'ютия', 'сешоар', 'кухненски бокс', 'пране', 'кафе машина', 'лятна градина', 'електрическа кана']"
Хотел Блу Ориндж,,Созопол,8.2,стандартна стая,2,210 лв,,,,,,,"['открит басейн', 'паркинг', 'ресторант', 'аниматори', 'сейф', 'рум сервиз', 'детски кът', 'детски басейн', 'барбекю', 'лоби бар', 'телевизор', 'сателитна тв', 'климатик', 'хладилник', 'мини-бар', 'телефон', 'интернет', 'баня/тоалетна', 'тераса', 'изглед', 'закрит басейн', 'сешоар', 'обменно бюро', 'плащане с карта', 'бар-басейн', 'достъп за инвалиди', 'SPA център']"
Вила Вега,3.0,Созопол,8.6,стандартна стая,2,55 лв,апартамент,4,100 лв,,,,"['открит басейн', 'паркинг', 'джакузи', 'детски кът', 'детски басейн', 'барбекю', 'телевизор', 'кабелна тв', 'климатик', 'хладилник', 'мини-бар', 'интернет', 'баня/тоалетна', 'микровълнова', 'тераса', 'изглед', 'ютия', 'сешоар', 'кухненски бокс', 'гладене', 'достъп за инвалиди']"
Семеен хотел Барекс,3.0,Созопол,9.0,стандартна стая,2,126 лв,стандартна стая,3,144 лв,,,,"['открит басейн', 'ресторант', 'рент-а-кар', 'телевизор', 'кабелна тв', 'климатик', 'хладилник', 'мини-бар', 'телефон', 'интернет', 'баня/тоалетна', 'тераса', 'изглед', 'ютия', 'сешоар', 'пране', 'плащане с карта', 'електрическа кана']"
Семеен хотел Електра,2.0,Созопол,,стандартна стая,2,45 лв,стандартна стая,3,55 лв,студио,4,65 лв,"['паркинг', 'телевизор', 'кабелна тв', 'климатик', 'отопление', 'хладилник', 'мини-бар', 'интернет', 'баня/тоалетна', 'микровълнова', 'тераса', 'ютия', 'лятна градина']"
Семеен хотел Власта,2.0,Созопол,,стандартна стая,2,60 лв,студио,3,100 лв,,,,"['телевизор', 'кабелна тв', 'климатик', 'хладилник', 'мини-бар', 'интернет', 'баня/тоалетна', 'тераса', 'гладене']"
Апартаменти Виа Понтика 123,3.0,Созопол,8.9,студио,2,160 лв,апартамент,2,190 лв,апартамент,4,200 лв,"['открит басейн', 'паркинг', 'барбекю', 'телевизор', 'кабелна тв', 'сателитна тв', 'климатик', 'хладилник', 'интернет', 'баня/тоалетна', 'микровълнова', 'тераса', 'изглед', 'ютия', 'сешоар', 'кухненски бокс', 'кафе машина', 'електрическа кана']"
Хотел Аполис,3.0,Созопол,8.3,стандартна стая,2,126 лв,студио,2,139 лв,мезонет,2,153 лв,"['открит басейн', 'паркинг', 'ресторант', 'рент-а-кар', 'детски кът', 'детски басейн', 'телевизор', 'сателитна тв', 'климатик', 'мини-бар', 'баня/тоалетна', 'тераса', 'изглед']"
Хотел Хасиенда Бийч,4.0,Созопол,7.6,апартамент,2,220 лв,апартамент,3,300 лв,апартамент,4,400 лв,"['открит басейн', 'паркинг', 'ресторант', 'охрана', 'сейф', 'детски кът', 'детски басейн', 'лоби бар', 'кафене', 'телевизор', 'кабелна тв', 'климатик', 'отопление', 'хладилник', 'телефон', 'интернет', 'баня/тоалетна', 'тераса', 'изглед', 'радио', 'сешоар', 'пране', 'плащане с карта', 'дом. любимци', 'лятна градина', 'бар-басейн', 'достъп за инвалиди']"
Семеен хотел Аиа,3.0,Созопол,9.3,стандартна стая,2,66 лв,,,,,,,"['паркинг', 'екскурзовод', 'рент-а-кар', 'сейф', 'барбекю', 'телевизор', 'кухня', 'климатик', 'хладилник', 'мини-бар', 'интернет', 'баня/тоалетна', 'микровълнова', 'тераса', 'ютия', 'сешоар', 'кухненски бокс', 'достъп за инвалиди']"
Къща Кера до Централен плаж,2.0,Созопол,9.3,стандартна стая,2,90 лв,стандартна стая,3,105 лв,студио,4,130 лв,"['телевизор', 'кабелна тв', 'климатик', 'хладилник', 'интернет', 'баня/тоалетна', 'тераса', 'изглед', 'ютия']"
Комплекс Мапи Холидей,3.0,Созопол,8.9,стандартна стая,2,102 лв,стандартна стая,3,128 лв,студио,4,160 лв,"['открит басейн', 'паркинг', 'ресторант', 'детски басейн', 'телевизор', 'кабелна тв', 'сателитна тв', 'климатик', 'хладилник', 'интернет', 'баня/тоалетна', 'тераса', 'изглед', 'кухненски бокс']"
Семеен хотел Изток,3.0,Созопол,9.0,стандартна стая,3,80 лв,студио,2,65 лв,апартамент,4,105 лв,"['открит басейн', 'паркинг', 'джакузи', 'детски басейн', 'барбекю', 'телевизор', 'кабелна тв', 'климатик', 'отопление', 'хладилник', 'интернет', 'баня/тоалетна', 'микровълнова', 'пералня', 'изглед', 'ютия', 'сешоар', 'кухненски бокс', 'пране', 'гладене', 'кафе машина', 'лятна градина', 'достъп за инвалиди', 'електрическа кана']"
Семеен хотел Акшаена,,Созопол,8.8,стандартна стая,3,90 лв,студио,2,80 лв,студио,4,100 лв,"['открит басейн', 'барбекю', 'кафене', 'телевизор', 'сателитна тв', 'климатик', 'хладилник', 'интернет', 'баня/тоалетна', 'пералня', 'тераса', 'изглед', 'ютия', 'кухненски бокс', 'дом. любимци']"
Фиорд B&B,3.0,Созопол,9.8,стандартна стая,2,156 лв,стандартна стая,2,148 лв,лукс стая,2,168 лв,"['паркинг', 'сейф', 'лоби бар', 'телевизор', 'кабелна тв', 'климатик', 'хладилник', 'телефон', 'интернет', 'баня/тоалетна', 'тераса', 'изглед', 'вана', 'ютия', 'сешоар', 'пране', 'гладене', 'плащане с карта']"
Хотел Св. Зосим,3.0,Созопол,9.1,студио,4,180 лв,лукс апартамент,8,440 лв,,,,"['паркинг', 'телевизор', 'кухня', 'кабелна тв', 'климатик', 'хладилник', 'интернет', 'баня/тоалетна', 'микровълнова', 'пералня', 'тераса', 'изглед', 'ютия', 'сешоар', 'кухненски бокс', 'достъп за инвалиди']"
Хотел Лозите,3.0,Созопол,8.1,стандартна стая,2,140 лв,стандартна стая,3,150 лв,лукс стая,2,180 лв,"['паркинг', 'рент-а-кар', 'сейф', 'детски кът', 'колела под наем', 'лоби бар', 'камина', 'телевизор', 'сателитна тв', 'климатик', 'хладилник', 'интернет', 'баня/тоалетна', 'тераса', 'изглед', 'ютия', 'сешоар', 'дом. любимци', 'лятна градина']"
Семеен хотел Морска звезда,3.0,Созопол,7.5,стандартна стая,2,85 лв,стандартна стая,3,75 лв,студио,3,120 лв,"['ресторант', 'сейф', 'телевизор', 'кабелна тв', 'климатик', 'отопление', 'хладилник', 'телефон', 'интернет', 'баня/тоалетна', 'микровълнова', 'изглед', 'ютия', 'сешоар', 'кухненски бокс', 'пране', 'гладене', 'плащане с карта', 'електрическа кана', 'готварска печка']"
Семеен хотел Свети Никола,3.0,Созопол,9.3,стандартна стая,2,110 лв,стандартна стая,3,120 лв,лукс стая,3,140 лв,"['паркинг', 'ресторант', 'рент-а-кар', 'сейф', 'кафене', 'телевизор', 'кабелна тв', 'сателитна тв', 'климатик', 'отопление', 'хладилник', 'мини-бар', 'интернет', 'баня/тоалетна', 'тераса', 'изглед', 'ютия', 'сешоар', 'гладене', 'плащане с карта', 'дом. любимци', 'лятна градина', 'достъп за инвалиди']"
Хотел Южна Перла,3.0,Созопол,7.3,студио,2,180 лв,апартамент,3,290 лв,,,,"['открит басейн', 'паркинг', 'нощен бар', 'фитнес', 'екскурзовод', 'рент-а-кар', 'охрана', 'сауна', 'сейф', 'детски кът', 'детски басейн', 'лоби бар', 'студио за масаж', 'кафене', 'телевизор', 'кухня', 'сателитна тв', 'климатик', 'отопление', 'хладилник', 'телефон', 'интернет', 'баня/тоалетна', 'пералня', 'тераса', 'изглед', 'вана', 'радио', 'DVD', 'ютия', 'сешоар', 'кухненски бокс', 'пране', 'гладене', 'плащане с карта', 'бизнес услуги', 'хим. чистене', 'дом. любимци', 'достъп за инвалиди']"
Вила Ананда,,Созопол,,стандартна стая,2,130 лв,,,,,,,"['барбекю', 'кухня', 'кабелна тв', 'климатик', 'хладилник', 'интернет', 'баня/тоалетна', 'тераса', 'изглед', 'гараж', 'кафе машина', 'лятна градина']"
Хотел Рай,3.0,Созопол,6.8,стандартна стая,2,150 лв,стандартна стая,3,170 лв,студио,3,175 лв,"['открит басейн', 'паркинг', 'ресторант', 'детски басейн', 'телевизор', 'кабелна тв', 'климатик', 'хладилник', 'интернет', 'баня/тоалетна', 'тераса', 'изглед']"
Вила Миа,,Созопол,,къща,11,360 лв,стандартна стая,2,90 лв,лукс стая,3,140 лв,"['телевизор', 'кухня', 'кабелна тв', 'климатик', 'хладилник', 'интернет', 'баня/тоалетна', 'пералня', 'тераса', 'изглед', 'ютия']"
